ID,PLAYER,TEAM,AGE,GP,W,L,MIN,PPG,FGM,FGA,FG%,3PM,3PA,3P%,FTM,FTA,FT%,OREB,DREB,REB,AST,TOV,STL,BLK,PF,FP,DD2,TD3,Plus/Minus,AllStarRank
1,Bradley Beal,WAS,28,32,14,18,35.7,32.9,11.5,23.9,48.2,2.3,6.9,33.5,7.6,8.4,90.3,1.3,4.1,5.4,4.7,3.3,1.4,0.4,2.6,48.7,3,0,-3.1,1
2,Joel Embiid,PHI,27,30,23,7,33,30.2,9.5,18.2,52.1,1.2,3,41.6,9.9,11.6,85.6,2.2,9.4,11.6,3.3,3.2,1.2,1.4,2.5,53.6,21,0,7.8,2.8
3,Damian Lillard,POR,30,34,20,14,36,29.9,9.3,20.8,44.5,4.3,11.2,38.4,7,7.5,93.4,0.4,3.8,4.3,8,3.3,1,0.3,1.6,47.5,8,0,2,2.5
4,Stephen Curry,GSW,33,35,19,16,34.1,29.7,9.8,20.5,47.8,4.8,11.7,41.1,5.3,5.6,93.4,0.5,5,5.5,6.3,3.2,1.3,0.1,1.8,46.6,7,0,2.3,1
5,Giannis Antetokounmpo,MIL,26,35,21,14,34,29,10.5,18.9,55.7,1.1,3.9,28.5,6.9,10.4,66.1,1.8,9.8,11.7,5.9,3.7,1.3,1.4,3,56.1,25,4,7.3,1.8
6,Kevin Durant,BKN,32,19,12,7,35.8,29,9.9,18.9,52.4,2.6,5.9,43.4,6.6,7.6,86.9,0.4,6.9,7.3,5.3,3.5,0.7,1.4,2.3,48.6,6,0,8.4,1.5
7,Zach LaVine,CHI,26,34,16,18,35.6,28.7,10.3,19.6,52.5,3.5,8.1,43.5,4.6,5.4,85.7,0.7,4.5,5.2,5.1,3.9,1.1,0.4,2.6,43.2,2,0,-1.5,4
8,Luka Doncic,DAL,22,32,17,15,35.2,28.6,10,20.9,47.8,2.7,7.4,35.7,6,8,75.7,0.8,7.6,8.4,9,4.2,1,0.7,2,53.1,16,7,0.8,2.5
9,Kyrie Irving,BKN,29,26,18,8,35.5,27.2,10.3,20.3,51,2.9,7.1,41.1,3.6,4.1,88.7,1.2,3.6,4.8,6,2.3,1.1,0.6,2.8,44.7,2,0,7.8,2.5
10,Nikola Jokic,DEN,26,36,21,15,35.9,27.1,10.5,18.6,56.7,1.6,3.7,41.8,4.5,5.1,88.1,2.8,8.2,11,8.6,3.2,1.6,0.6,3,56.8,32,9,5.9,2
11,CJ McCollum,POR,29,13,8,5,33.8,26.7,9.5,20,47.3,4.8,11,44.1,2.9,3.5,84.4,0.5,3.4,3.9,5,1,1.3,0.3,2.2,42.7,2,0,4.3,38.8
12,Kawhi Leonard,LAC,30,30,20,10,34.6,26.6,9.6,18.7,51.1,2,5.2,38.7,5.5,6.3,87.3,0.9,5.3,6.3,4.9,1.9,1.5,0.5,1.6,45.6,5,0,7.9,3.2
13,Trae Young,ATL,22,34,16,18,34.8,26.4,7.7,17.9,43,2.5,6.6,37.8,8.5,9.6,87.8,0.7,3.4,4.2,9.4,4.4,0.9,0.2,2.1,44.5,16,0,3.1,7.2
14,LeBron James,LAL,36,36,24,12,34.6,25.8,9.7,19.1,50.9,2.4,6.7,35.8,4,5.8,69.2,0.6,7.4,8,7.8,3.8,1.1,0.6,1.6,48.6,15,3,6.5,1
15,Zion Williamson,NOP,20,34,15,19,33.1,25.6,9.9,16.1,61.4,0.2,0.6,31.6,5.7,8.2,69.5,2.7,4.5,7.2,3.4,2.6,0.9,0.7,2.4,41.8,9,0,0.1,40
16,James Harden,BKN,31,31,19,12,37.8,25.3,8.1,16.7,48.4,3.3,8.1,40.1,5.9,6.9,85.9,0.8,7,7.8,11.1,4.2,1.2,0.7,2.2,52.6,24,8,2.7,3
17,Jayson Tatum,BOS,23,31,17,14,35.8,24.9,9,20.6,43.7,2.6,7.1,36.8,4.3,5,85.9,0.6,6.5,7.1,4.5,2.5,1.4,0.5,1.9,43.1,6,0,2.7,4.5
18,Devin Booker,PHX,24,31,22,9,33.9,24.9,9.2,18.5,49.6,2,5.6,36.2,4.5,5.4,83.9,0.2,3.5,3.6,4.4,3.3,0.9,0.3,3,36.1,1,0,4.8,33.8
19,Jaylen Brown,BOS,24,33,17,16,33.8,24.7,9.2,18.7,49.5,2.3,5.9,38.8,3.9,5.1,77.2,1.1,4.5,5.6,3.9,2.8,1.1,0.5,2.9,39.2,4,0,1,4.2
20,Donovan Mitchell,UTA,24,34,25,9,33.9,24.7,8.5,20.1,42.1,3.3,8.7,38.2,4.4,5.4,82.4,1.1,3.6,4.7,5.4,3,1,0.3,2.3,39.2,2,0,5.6,4.2
21,Nikola Vucevic,CHI,30,36,13,23,33.9,24.6,9.9,20.4,48.3,2.7,6.5,41.2,2.2,2.6,85.1,1.9,9.7,11.6,3.7,1.7,1,0.6,1.7,47.3,24,1,-6.3,41.5
22,Collin Sexton,CLE,22,31,12,19,36.4,24.1,8.8,18.2,48.7,1.7,4.2,40,4.7,5.9,80.3,0.7,1.9,2.6,4.5,2.9,1.2,0.1,2.8,34.8,1,0,-4,42
23,Brandon Ingram,NOP,23,36,15,21,34.8,23.9,8.5,18,47.2,2.4,6.2,37.9,4.6,5.1,88.6,0.6,4.5,5.1,4.8,2.3,0.7,0.8,2,39.3,4,0,-0.4,41
24,Paul George,LAC,31,27,19,8,33.5,23.7,8.3,16.7,49.9,3.5,7.8,45,3.5,4,88.8,0.9,5.2,6.1,5.4,3.4,1.1,0.5,2.3,40.7,3,0,8.6,5
25,Jerami Grant,DET,27,33,9,24,36.2,23.4,7.7,17.8,43.3,2.5,6.8,36.3,5.6,6.3,88.9,0.7,4.6,5.3,2.9,1.9,0.8,1.1,2.7,37.9,3,0,-1.7,39.5
26,Julius Randle,NYK,26,37,19,18,36.7,23.2,8.3,17.2,48.3,1.9,4.6,40.8,4.8,5.9,80.5,1.4,9.6,11.1,5.5,3.2,0.8,0.2,3.1,44.7,24,1,1.5,6.8
27,Shai Gilgeous-Alexander,OKC,22,30,13,17,34,23.2,8,15.6,51.1,2,4.9,41.2,5.3,6.6,79.4,0.6,4.5,5.1,6.2,2.9,0.8,0.7,2,40.1,3,0,-4.4,37.5
28,De'Aaron Fox,SAC,23,35,14,21,34.2,23,8.4,18,46.6,1.8,5.3,34.2,4.5,6.6,67.2,0.7,2.6,3.2,7.6,3.3,1.2,0.5,2.9,40.1,10,0,-4.8,38.8
29,Anthony Davis,LAL,28,23,17,6,32.8,22.5,8.9,16.7,53.3,0.7,2.5,29.3,4,5.7,71.5,2,6.3,8.4,3,2,1.3,1.8,1.8,44.6,8,0,5.9,4
30,Christian Wood,HOU,25,17,8,9,31.2,22,8.8,15.7,55.8,1.9,4.5,42.1,2.6,3.8,68.8,1.8,8.4,10.2,1.3,1.8,0.9,1.5,1.9,41.8,9,0,2.5,8.2
31,Karl-Anthony Towns,MIN,25,16,3,13,32.7,22,7.9,15.9,49.4,1.9,5,37.5,4.4,4.8,90.9,3,7.9,10.9,3.9,3.2,0.9,1.7,3.8,45.5,13,0,-2.3,51
32,Jamal Murray,DEN,24,34,21,13,35.4,21.8,8,16.5,48.7,2.6,6.6,39.8,3.1,3.6,84.6,0.7,3.5,4.2,4.6,2.3,1.1,0.3,2.1,35.8,0,0,6.9,41
33,Gordon Hayward,CHA,31,31,16,15,34.8,21.5,7.9,16.2,48.7,2.1,5.1,40.5,3.7,4.3,85.7,0.9,4.5,5.4,3.9,2,1.3,0.4,1.8,37,1,0,0.5,41
34,Malcolm Brogdon,IND,28,34,16,18,35.6,21.2,8.1,18.1,44.7,2.4,6.4,37.8,2.6,2.9,89.7,0.8,3.9,4.6,6.2,2.1,1.2,0.2,1.9,38.3,2,0,-0.5,44.2
35,John Wall,HOU,30,25,9,16,31.7,21,7.5,17.7,42.4,2,6,34,4,5.3,74.4,0.4,2.8,3.2,6,3.3,0.9,0.7,1.2,35.5,3,0,-4.9,41.8
36,Domantas Sabonis,IND,25,35,16,19,36.5,20.8,7.8,14.9,52.5,0.9,2.7,33.3,4.2,5.9,71.4,2.6,8.5,11.1,6,3.4,1,0.6,3.4,44.6,25,4,-2.5,7.2
37,Khris Middleton,MIL,29,36,22,14,33.4,20.6,7.6,15.3,49.5,2.3,5.3,43.2,3.2,3.6,88.4,0.9,5.3,6.1,5.7,2.6,1.1,0.2,2.6,37.8,7,0,4.4,44.5
38,Jimmy Butler,MIA,31,22,14,8,33.1,20.5,6.5,14.3,45.4,0.4,1.5,23.5,7.2,8.3,86.3,2,5.5,7.5,7.8,2.3,1.9,0.4,1.2,45.8,9,4,4,36.8
39,Malik Beasley,MIN,24,33,7,26,33.1,20.5,7.6,16.7,45.5,3.5,8.7,40.6,1.8,2.2,84.7,0.8,3.8,4.6,2.5,1.6,0.8,0.2,1.6,31.1,0,0,-4.3,50.8
40,Terry Rozier,CHA,27,33,16,17,33.5,20.5,7.4,15.2,49,3.4,7.7,43.9,2.3,2.8,82.4,0.5,3.3,3.8,3.2,2.1,1.4,0.4,2,33.1,0,0,-2.2,49.8
41,Russell Westbrook,WAS,32,27,10,17,34.2,20.3,7.8,18.3,42.8,1.1,3.8,29.4,3.5,6,58.3,1.6,8.1,9.7,9.8,4.8,1.1,0.3,2.9,46.3,22,10,-4.7,8.2
42,Tobias Harris,PHI,28,31,22,9,34.4,20.2,7.8,15.2,51.3,1.6,4.1,40.2,3,3.4,88.7,1.2,6.4,7.6,3.4,1.9,0.8,0.8,2.1,37.5,9,0,5.2,41.8
43,Kristaps Porzingis,DAL,25,20,11,9,30.1,20.2,7.6,16.1,46.9,2.2,6.3,34.9,2.9,3.4,83.8,1.9,6.5,8.4,1.4,1.3,0.4,1.6,3,36.8,8,0,-1.8,41.8
44,Fred VanVleet,TOR,27,34,17,17,36.7,20.1,6.6,16.6,40,3.4,8.8,38.3,3.5,3.9,89.4,0.7,3.8,4.4,6.6,2,1.7,0.8,2.4,40.8,3,0,3.4,41
45,Pascal Siakam,TOR,27,30,14,16,35.8,20.1,7.4,16.3,45.3,1.2,4.1,29.5,4.1,5,81.9,1.9,5.5,7.5,4.8,2.2,1.2,0.7,3.1,39.6,8,1,2.3,41.2
46,DeMar DeRozan,SAS,31,29,17,12,33.8,20,6.7,13.8,48.4,0.6,1.8,30.8,6,6.8,89.3,0.8,4.1,4.9,7.2,1.7,0.9,0.3,1.9,38.4,6,0,-1.1,38.8
47,Victor Oladipo,MIA,29,24,10,14,32.7,20,7.3,18.2,39.9,2.5,7.5,33.1,3,4,74.7,0.3,4.9,5.2,4.5,2.2,1.5,0.5,2.3,36.7,0,0,-0.6,44.5
48,Ja Morant,MEM,21,24,12,12,30.7,19.8,7.2,15.8,45.4,0.9,3.8,23.3,4.6,5.8,79.7,0.8,2.5,3.3,7.7,2.9,1,0.2,1.5,36,7,1,-0.1,35.5
49,D'Angelo Russell,MIN,25,20,5,15,29.2,19.3,7,16.3,42.6,3,7.4,39.9,2.4,3.2,75,0.5,2.2,2.6,5.1,2.7,1.1,0.5,2,32,1,0,-9.9,52.8
50,Bam Adebayo,MIA,23,33,17,16,33.9,19.2,7.2,12.7,56.3,0.1,0.2,33.3,4.8,5.7,84.7,2.2,7.3,9.5,5.4,3,0.9,1,2.4,41.5,20,1,-0.2,36.8
51,Lauri Markkanen,CHI,24,14,5,9,30.4,19.1,6.8,13.2,51.4,2.9,7.2,39.6,2.7,3.2,84.4,0.6,5.5,6.1,0.9,1.7,0.6,0.4,2.2,29,1,0,-5.8,54.2
52,Evan Fournier,BOS,28,21,10,11,29.2,18.5,6,13.4,45,2.5,6.7,37.1,4,5,79,0.2,2.9,3.1,3.8,2.1,1,0.3,2,29.9,0,0,-2.7,56.8
53,Caris LeVert,IND,26,12,6,6,27.8,18.5,7.3,16.7,43.5,1.8,5.3,34.9,2.2,2.8,76.5,0.8,3.5,4.3,6,2.2,1.1,0.5,1.7,35.3,2,0,3.8,58.2
54,Kemba Walker,OKC,31,20,10,10,30,18.5,6.2,15.9,38.8,3,8.1,36.6,3.2,3.5,91.4,0.4,3.2,3.6,4.6,2.2,1.1,0.4,1.4,31.6,0,0,0.4,47.8
55,Norman Powell,POR,28,34,16,18,29.6,18.4,6.2,12.7,48.8,2.6,5.9,43.8,3.4,3.8,89.9,0.4,2.6,3,1.7,1.7,1.2,0.1,2.1,26.9,0,0,1.4,62.8
56,Kyle Lowry,TOR,35,29,11,18,34.6,18,6,13.1,45.7,2.9,7.1,40.3,3.1,3.7,85.8,0.8,4.7,5.5,7,2.8,1.2,0.2,3.2,36.5,7,2,1.8,42.5
57,John Collins,ATL,23,36,16,20,30.7,18,7,13.1,53.6,1.4,3.6,38.8,2.6,3,85.3,2.1,5.5,7.6,1.4,1.3,0.4,1,3.3,32.2,10,0,1.4,51
58,Jordan Clarkson,UTA,29,36,27,9,26,17.9,6.6,14.7,44.7,3.2,8.6,37,1.6,1.7,96.7,0.9,3.1,4,2.3,1.7,0.9,0.2,1.5,27.9,0,0,4.7,42.5
59,Eric Gordon,HOU,32,26,10,16,29.4,17.8,5.9,13.5,43.7,2.5,7.7,32.8,3.5,4.2,83.6,0.3,1.9,2.2,2.7,1.9,0.5,0.5,1.6,25.7,0,0,-1.9,89.5
60,Andre Drummond,LAL,27,25,9,16,28.9,17.5,7.2,15.2,47.4,0,0.3,0,3.1,5.2,59.7,4,9.4,13.5,2.6,3.2,1.6,1.2,2.8,42.5,18,0,-4.3,43
61,De'Andre Hunter,ATL,23,18,9,9,32.1,17.2,6,11.7,51.4,1.7,4.6,36.6,3.6,4.1,87.7,0.9,4.5,5.4,2.2,1.4,0.9,0.5,2.6,30,1,0,4.3,59.2
62,Andrew Wiggins,GSW,26,37,19,18,32.2,17,6.5,14.1,46.3,1.8,5,35.1,2.2,3.3,67.2,1,3.4,4.5,2.2,1.9,0.8,1.1,2.3,29.4,0,0,-1.7,43.5
63,Harrison Barnes,SAC,29,33,14,19,35.7,16.7,5.6,11.3,49.2,1.7,4.3,39.2,3.9,4.7,82.6,1,5.1,6.1,3.6,1.4,0.8,0.2,1.3,30.8,1,0,-2.4,61.8
64,RJ Barrett,NYK,21,37,19,18,33.2,16.5,6.3,14.2,44.3,1.2,3.3,35,2.8,3.8,73,1.2,4.8,6,2.9,1.9,0.6,0.2,2.6,28.8,3,0,1.2,47
65,Tim Hardaway Jr.,DAL,29,33,18,15,29.5,16.4,5.8,13.2,43.8,2.9,7.6,38.5,2,2.5,80.2,0.4,2.8,3.2,1.7,0.9,0.6,0.2,1.5,24.2,0,0,-0.7,49.5
66,Buddy Hield,SAC,28,36,14,22,34.8,16.4,5.5,14.1,39.1,3.9,10.3,37.8,1.5,1.8,84.4,0.3,4.2,4.5,3.2,1.8,0.8,0.3,2.7,28.1,1,0,-3.5,51.2
67,Coby White,CHI,21,34,16,18,33.2,16.2,5.9,14.1,42,2.4,6.7,35.4,2,2.3,89.6,0.5,4.6,5.1,5,2.4,0.4,0.1,2.5,29,4,0,-2.4,52.8
68,Darius Garland,CLE,21,28,11,17,32.9,16.1,6.4,14.5,44,1.7,4.5,38.4,1.6,1.9,84.9,0.5,1.8,2.2,5.9,2.9,1.2,0.1,2.2,28.5,3,0,-5.7,59.2
69,Mike Conley,UTA,33,29,20,9,29.4,16.1,5.6,12.5,44.4,2.8,6.6,42.2,2.2,2.6,82.9,1,2.5,3.5,5.7,1.9,1.4,0.1,1.9,31.5,2,0,9.6,41.8
70,Ben Simmons,PHI,24,31,22,9,33.9,16.1,6.2,10.7,57.8,0.1,0.2,28.6,3.6,5.4,67.1,1.7,6.2,7.9,7.6,3.4,1.6,0.7,3.1,40.5,11,3,5.5,8.8
71,Chris Paul,PHX,36,34,23,11,31.8,16,6,12.4,48.6,1.5,3.9,39.1,2.4,2.6,95.4,0.5,4.2,4.7,8.8,2.4,1.2,0.3,2.5,36.9,11,0,4.9,35.5
72,Dillon Brooks,MEM,25,29,15,14,29.2,15.9,6.1,15.3,39.6,1.9,5.8,32,1.9,2.3,83.3,1,2.2,3.1,2.6,2,1.4,0.5,3.3,27.2,0,0,0.7,61.2
73,Tyler Herro,MIA,21,25,12,13,32.7,15.8,6,13.8,43.8,2,5.8,34.7,1.8,2.3,77.2,0.4,5.3,5.7,3.6,2.4,0.6,0.4,1.6,28.7,3,0,-3.1,48
74,LaMelo Ball,CHA,19,35,17,18,28.9,15.8,5.7,12.8,44.9,2,5.3,37.8,2.3,2.9,80.2,1.5,4.6,6,6.3,2.8,1.6,0.4,2.7,35.7,7,1,-0.5,44.5
75,Dejounte Murray,SAS,24,32,18,14,31,15.8,6.5,14.2,45.6,1.1,3.3,32.4,1.8,2.2,81.2,0.6,6.4,7,5.4,1.7,1.6,0.1,2.1,35.8,8,2,2.3,46.8
76,Bojan Bogdanovic,UTA,32,36,27,9,30.6,15.7,5.2,12.1,43.2,2.7,6.7,40.5,2.6,3,85.2,0.5,3.4,3.9,1.9,1.4,0.5,0.1,1.6,23.6,0,0,5.8,49.2
77,Jonas Valanciunas,MEM,29,27,13,14,27.2,15.6,6.3,11.7,53.9,0.4,1,35.7,2.5,3.3,75.6,3.4,7.9,11.3,1.7,2.1,0.6,0.6,3.1,33.4,20,0,0.2,50.5
78,Terrence Ross,ORL,30,35,13,22,29.5,15.5,5.6,13.6,41,2.1,6.1,34.4,2.3,2.6,90,0.3,3.1,3.5,2.2,1.7,1.1,0.5,1.8,26.2,0,0,-4.9,67.8
79,T.J. Warren,IND,27,4,3,1,29.3,15.5,6.8,12.8,52.9,0,1.8,0,2,2.5,80,0.5,3,3.5,1.3,1,0.5,0,4,22.1,0,0,0.3,110
80,Kelly Oubre Jr.,GSW,25,35,19,16,30.4,15.5,5.8,13.2,43.6,1.7,5.3,32.1,2.2,3,74,1.5,4.5,5.9,1.4,1.3,1.1,0.8,2.2,29.1,3,0,-1.8,53.2
81,Jrue Holiday,MIL,31,26,17,9,31,15.3,6.1,12.5,49.1,1.7,4.7,36.4,1.4,1.8,76.6,1.2,3.2,4.3,5.1,1.6,1.8,0.5,1.7,33.6,0,0,6.5,46.2
82,Gary Trent Jr.,TOR,22,33,20,13,31.2,15.2,5.5,13.1,42.3,3.1,7.5,40.6,1.1,1.4,77.8,0.6,1.6,2.2,1.5,0.7,0.8,0.2,1.6,22,0,0,-0.2,65.2
83,Dennis Schroder,LAL,27,33,24,9,31.2,14.9,5.2,11.9,44,1,3.2,31.7,3.4,4.1,83.1,0.5,2.9,3.5,4.5,2.3,0.9,0.2,2.7,26.9,1,0,5,50.2
84,Anthony Edwards,MIN,19,36,7,29,29.1,14.9,5.5,14.9,37.1,1.9,6.3,30.2,1.9,2.4,80.5,0.7,3.3,4,2.5,1.8,0.9,0.4,1.5,25.4,0,0,-5.5,94
85,Joe Harris,BKN,29,37,24,13,30.9,14.8,5.4,10.2,53,3.4,6.7,50.6,0.6,0.8,70,0.5,3,3.5,1.8,0.8,0.5,0.2,2.2,23.1,0,0,6.2,57.2
86,Goran Dragic,MIA,35,22,11,11,27.1,14.8,5.3,11.5,45.8,1.6,4.4,36.1,2.6,3.1,84.1,0.3,2.8,3.1,4.8,2.8,0.6,0.2,2.6,25.2,1,0,1.6,49
87,Clint Capela,ATL,27,32,13,19,29.7,14.7,6.5,11,58.9,0,0,0,1.7,3.1,55,5,9.2,14.2,0.9,1.4,0.8,2.2,2.3,40.5,24,1,2.5,48.5
88,Michael Porter Jr.,DEN,23,26,15,11,28.6,14.6,5.5,10.9,50.2,2.4,5.7,41.6,1.3,1.7,75.6,1.2,5.8,7,0.9,1.1,0.9,1.1,2.3,29.2,7,0,3.6,57.5
89,Lonzo Ball,NOP,23,33,14,19,31.8,14.5,5.3,12.4,42.8,3,7.8,38.7,0.9,1.2,77.5,0.6,3.5,4.2,5.1,2,1.3,0.5,2.2,30.7,1,0,1.4,44.2
90,Deandre Ayton,PHX,22,35,24,11,31.1,14.5,6.2,10.5,59.4,0.1,0.5,23.5,1.9,2.5,75,3.3,8.1,11.4,1.7,1.7,0.3,1.1,3.1,33.1,20,0,3,48
91,Thomas Bryant,WAS,23,10,2,8,27.1,14.3,5.9,9.1,64.8,0.9,2.1,42.9,1.6,2.4,66.7,1.8,4.3,6.1,1.5,1.1,0.4,0.8,3.1,26.4,1,0,-1.4,113.5
92,Kendrick Nunn,MIA,25,28,15,13,30,14.2,5.4,11.8,46.1,2.1,5.7,36.5,1.3,1.4,92.3,0.5,2.9,3.4,2.7,1.8,1.1,0.3,1.9,24.9,0,0,-1.4,105.8
93,Rudy Gobert,UTA,29,36,27,9,30.7,14.2,5.4,8.5,64.1,0,0,0,3.3,5.5,59.9,3.3,9.8,13.1,1.3,1.8,0.5,2.7,2.3,39.7,24,0,8.9,8.8
94,Keldon Johnson,SAS,21,29,17,12,29.1,14.1,5.2,11,47.2,1,3,32.6,2.7,3.5,78.2,1.6,5,6.7,2.2,1.4,0.8,0.5,2.3,27.7,5,0,-3.3,58.2
95,Marvin Bagley III,SAC,22,34,14,20,26.1,14.1,5.7,11.5,50,1,2.7,37,1.6,3,52.9,2.4,5.1,7.6,1,1.4,0.5,0.5,2.4,26.2,10,0,-3.5,69.2
96,Al Horford,BOS,35,24,10,14,28.2,14,5.8,13,44.2,2,5.5,35.6,0.6,0.8,77.8,1,5.7,6.7,3.5,1.1,0.9,0.9,1.8,31.4,1,0,-2.9,54.2
97,Carmelo Anthony,POR,37,34,20,14,25.6,13.8,4.9,11.8,41.3,1.8,4.6,38.7,2.3,2.7,83.9,0.6,2.8,3.3,1.5,1,0.9,0.8,2.1,24.1,0,0,-2.9,42.2
98,Shake Milton,PHI,24,28,21,7,25.1,13.8,4.8,10.9,44.1,1.1,3.5,31.3,3.1,3.5,88.7,0.6,1.5,2.1,3,1.5,0.6,0.3,2.3,22.1,0,0,1.5,57.8
99,Montrezl Harrell,LAL,27,37,24,13,24.1,13.8,5.6,9,62.6,0,0.2,0,2.5,3.3,75.6,2.4,4,6.4,1.1,1.1,0.6,0.7,2.1,26.1,4,0,1.9,54.2
100,Aaron Gordon,DEN,25,19,8,11,29.1,13.8,4.8,11.2,42.7,1.6,4.4,36.9,2.6,4.2,61.3,1.7,5.5,7.2,4.2,2.8,0.7,0.8,2,30.7,3,1,-2.1,54.5
101,OG Anunoby,TOR,23,23,11,12,33.4,13.8,5,10.3,47.9,2.1,5.4,39.5,1.7,2.3,75.5,1.4,4.3,5.7,1.7,1.7,1.6,0.7,2.8,28.5,1,0,2.8,45
102,Devonte' Graham,CHA,26,25,11,14,32.8,13.7,4.4,12.4,35.2,2.8,8.1,34.7,2.2,2.8,77.5,0.6,2.4,3,5.7,1.4,1,0,1.5,27.4,3,0,2.9,57.8
103,LaMarcus Aldridge,BKN,35,21,12,9,25.9,13.7,5.5,11.8,46.4,1.3,3.6,36,1.5,1.8,83.8,0.8,3.7,4.5,1.7,1,0.4,0.9,1.7,24.4,1,0,-2.8,50.8
104,Mikal Bridges,PHX,24,35,24,11,32.3,13.7,4.9,9.4,52.4,1.9,4.5,42,2,2.3,84.1,1.3,3.7,5.1,2.2,0.8,0.7,0.9,1.6,27.3,1,0,3.8,51.2
105,Chris Boucher,TOR,28,36,17,19,23.6,13.6,4.8,8.9,53.4,1.7,3.8,44.5,2.4,3.1,75.9,1.9,4.6,6.5,1,0.7,0.6,1.9,2.7,29.6,7,0,2.9,46.5
106,Josh Jackson,DET,24,32,9,23,24.9,13.5,4.8,11.3,42.5,1.3,4.4,29.1,2.6,3.8,69.4,1.1,3.3,4.4,1.9,2.3,0.9,0.9,2.9,24.7,1,0,-0.7,81.8
107,Derrick Rose,NYK,32,25,11,14,23.5,13.5,5,11.7,43,0.9,2.4,37.7,2.5,3,85.1,0.3,1.9,2.2,4.5,1.9,1.2,0.4,1.2,25.6,1,0,-0.2,42.8
108,Malik Monk,CHA,23,22,10,12,22.7,13.5,4.7,10.1,46.2,2.5,5.6,43.9,1.7,2.1,78.7,0.4,2.5,2.9,1.9,1.5,0.3,0.1,1.5,19.3,0,0,1.9,118.2
109,Jarrett Allen,CLE,23,35,14,21,27.9,13.5,4.9,7.3,66.9,0.1,0.2,50,3.5,4.7,74.1,3.2,6.7,9.9,1.7,1.5,0.5,1.7,1.6,32.8,16,0,-0.3,50
110,Myles Turner,IND,25,33,16,17,31.5,13.5,4.7,9.8,48.4,1.5,4.6,31.4,2.5,3.3,77.8,1.4,5.2,6.5,0.9,1.4,1,3.4,3.5,34.5,7,0,1.2,48
111,Kyle Anderson,MEM,27,30,15,15,27.6,13.4,4.9,10.2,47.7,1.5,4,38,2.1,2.8,76.2,0.9,5.2,6.1,3.5,1.5,1.2,0.7,1.8,30.1,2,0,0.9,63.2
112,Patty Mills,SAS,32,32,18,14,25.8,13.3,4.7,10.5,44.8,2.8,6.8,40.2,1.1,1.3,90,0.3,1.5,1.8,2.7,1.1,0.6,0,1.4,20.4,0,0,3.9,93
113,Tyrese Haliburton,SAC,21,30,12,18,30.1,13.2,5.1,10.3,49.4,2.4,5.5,43.3,0.7,0.8,83.3,1,2.6,3.6,5.4,1.5,1.4,0.6,1.2,30,1,0,-3,59.2
114,Doug McDermott,IND,29,34,16,18,25.9,13.2,5.1,10.1,50.6,1.6,4.4,36.4,1.3,1.6,81.8,1,3,4,1.3,1,0.3,0.1,1.7,20.2,0,0,1.5,64.2
115,Marcus Smart,BOS,27,17,9,8,32.3,13.1,4.4,11.1,39.4,1.6,5.3,31.1,2.7,3.6,74.2,0.4,2.4,2.8,6.1,1.8,1.8,0.5,2.3,30.8,2,0,-0.2,54.2
116,Richaun Holmes,SAC,27,32,14,18,29.4,13,5.6,8.6,65.1,0,0.2,16.7,1.8,2.3,80.6,2.5,5.8,8.3,1.7,1.3,0.7,1.5,4,30.9,11,0,-0.4,64
117,Markelle Fultz,ORL,23,8,6,2,26.9,12.9,5.1,13,39.4,0.5,2,25,2.1,2.4,89.5,0.6,2.5,3.1,5.4,2.3,1,0.3,2.3,26.2,1,0,-3.6,104.2
118,Josh Richardson,DAL,27,25,14,11,31.5,12.8,4.6,10.7,42.7,1.5,5.3,28.8,2.2,2.3,94.8,0.9,2.4,3.3,2.5,1.5,0.9,0.2,2.8,22.6,0,0,-2.5,63
119,Duncan Robinson,MIA,27,36,18,18,33.4,12.8,4.2,9.8,42.9,3.3,8.3,39.1,1.2,1.4,84,0.1,3.9,3.9,1.6,1.3,0.5,0.2,2.5,20.7,1,0,0,62.2
120,Jalen Brunson,DAL,24,30,16,14,24.9,12.7,4.6,8.7,53.1,1.3,3.2,40.2,2.1,2.5,85.3,0.2,3.3,3.5,3.4,1.3,0.5,0,1.5,22.3,0,0,-0.2,65.8
121,Elfrid Payton,NYK,27,33,16,17,28.2,12.7,5.3,11.9,44.3,0.5,1.8,25,1.7,2.2,74.3,1.3,2.5,3.8,3.7,1.9,0.7,0.2,1.9,23.6,0,0,-1,109.8
122,Eric Bledsoe,NOP,31,35,15,20,29.7,12.6,4.5,10.4,43.5,2,5.1,38.5,1.6,2.3,67.9,0.5,3.1,3.5,3.8,1.6,0.8,0.3,1.5,24.2,3,0,-1.9,56.8
123,Lou Williams,ATL,34,35,21,14,22.7,12.5,4.5,10.7,42.2,1.1,2.8,39.8,2.4,2.7,86.5,0.4,1.9,2.3,3.7,1.6,0.9,0.1,1,22.1,2,0,2.4,51.8
124,Seth Curry,PHI,30,28,20,8,29.9,12.5,4.4,9.4,46.9,2,4.5,44.8,1.7,1.9,92.3,0.2,1.8,2,2.8,1.5,0.9,0.3,1.7,21.1,0,0,6.3,46.5
125,Rui Hachimura,WAS,23,27,14,13,30.1,12.5,4.5,9.9,45.7,0.8,2.6,30.4,2.7,3.5,75.8,1.1,4.4,5.4,1.7,1,0.7,0.1,2.3,22.9,1,0,-3.9,51.2
126,P.J. Washington,CHA,22,31,16,15,29.3,12.5,4.4,9.8,44.9,1.4,3.5,38.5,2.3,2.9,77.8,1.5,4.9,6.3,2.9,2.1,1.1,1.2,2.7,29.1,5,0,0.9,63.5
127,Luguentz Dort,OKC,22,35,15,20,29.7,12.3,4.3,11,38.8,1.9,6,32.5,1.9,2.5,75,0.7,2.8,3.5,1.5,1.5,0.9,0.3,2.4,20.7,0,0,-3.3,51.8
128,Marcus Morris Sr.,LAC,31,28,18,10,24.4,12.3,4.3,9.8,44,2.3,5,46.4,1.4,1.5,90.5,0.7,3.1,3.8,0.9,0.9,0.5,0.3,1.9,19.8,0,0,0.4,71.5
129,Wendell Carter Jr.,ORL,22,23,12,11,26.9,12.3,4.6,8.6,53.5,0.3,0.9,35,2.7,3.7,73.3,2.1,5.7,7.8,2.3,1.9,0.7,0.8,3.2,27.7,6,0,-3.4,63.8
130,Blake Griffin,BKN,32,20,6,14,31.3,12.3,4.1,11.1,36.5,2,6.2,31.5,2.2,3.1,71,0.4,4.9,5.2,3.9,1.6,0.7,0.1,2.1,25.1,1,0,-3.6,52
131,Brandon Clarke,MEM,24,27,15,12,26.9,12.2,5.2,10.1,51.5,0.6,1.7,32.6,1.3,2,66,1.6,4.1,5.7,1.6,0.6,1.2,0.6,1.6,26.5,2,0,-1,63.5
132,Immanuel Quickley,NYK,22,33,17,16,18.7,12.2,3.7,9.6,38.9,1.8,4.7,38.1,3,3.2,94.2,0.5,1.9,2.3,2.4,1,0.5,0.3,1.9,19.8,0,0,0.5,95.2
133,Kevin Huerter,ATL,22,36,16,20,32.1,12.1,4.6,10.8,42.6,2.1,5.9,36.5,0.8,0.9,82.4,0.7,2.9,3.6,3.7,1.3,1.3,0.2,2.4,25.1,3,0,-1.9,64.8
134,Thaddeus Young,CHI,33,30,15,15,25.3,12.1,5.6,9.1,60.9,0.2,0.7,22.7,0.8,1.5,50,2.4,3.5,5.9,4.4,1.9,1.4,0.6,2.7,29.7,2,0,3.8,77.2
135,Enes Kanter,POR,29,35,21,14,26.3,11.9,5.1,8.5,59.4,0,0,0,1.8,2.4,75,4.2,7.7,11.9,1.1,1.2,0.5,0.7,2.7,30.5,20,0,1.6,55.5
136,Hamidou Diallo,DET,22,32,13,19,23.8,11.9,4.5,9.3,48.1,0.4,1.3,29.3,2.6,4.1,62.9,1.2,4,5.2,2.4,1.5,1,0.4,2.6,24.2,4,0,-2.6,68.8
137,Darius Bazley,OKC,21,36,15,21,30.7,11.9,4.4,11.2,39.2,1.5,5.2,29,1.6,2.3,70.4,0.6,6.9,7.5,1.5,1.8,0.5,0.6,0.9,24.8,9,0,-5.7,65
138,Naz Reid,MIN,21,34,6,28,20.6,11.9,4.6,9,51.5,0.9,2.8,34,1.6,2.2,73.3,1.1,3.6,4.8,1.3,1.1,0.6,1.2,3.1,23.9,1,0,-5.7,125
139,George Hill,PHI,35,14,6,8,26.3,11.8,4.4,8.6,50.8,1.6,4.1,38.6,1.5,1.8,84,0.6,1.5,2.1,3.1,0.9,0.9,0.1,0.9,21,0,0,-1.1,72.2
140,James Wiseman,GSW,20,26,14,12,20.8,11.8,4.8,9.5,51,0.4,1,37,1.7,2.7,62.9,1.4,4.5,5.9,0.7,1.5,0.3,1.1,3.2,22.7,2,0,-3.3,98.5
141,Derrick White,SAS,26,8,5,3,23.6,11.8,4.3,10.8,39.5,1.9,5.5,34.1,1.4,1.9,73.3,0.1,1.6,1.8,3.9,0.9,1,1,2.3,24.8,0,0,5.1,109.5
142,Danilo Gallinari,ATL,32,24,10,14,21.9,11.7,3.4,8.6,39.1,2,5,38.8,3,3.2,93.4,0.2,3.2,3.4,1.5,1.1,0.5,0.1,1.9,18.9,0,0,1,74.2
143,Justin Holiday,IND,32,35,16,19,32.3,11.7,4,8.7,45.9,2.5,6.1,41.4,1.2,1.4,82,0.6,3.3,4,1.7,0.8,1.2,0.4,2.2,23.1,0,0,0.2,66
144,Otto Porter Jr.,ORL,28,16,7,9,23.2,11.6,4,9,44.4,1.8,4.4,40,1.9,2.3,83.3,1.3,5,6.3,2,0.9,0.6,0.2,1.6,23.4,2,0,-2.6,73.8
145,Will Barton,DEN,30,33,20,13,29.9,11.6,4.5,10.2,44.2,1.5,3.9,38.8,1.1,1.5,75.5,0.6,3.5,4.1,3.1,1.7,0.8,0.4,1.6,23,0,0,2.9,101.5
146,Davis Bertans,WAS,28,30,13,17,26.1,11.5,3.3,8.6,38.8,2.9,7.6,38.4,1.9,2.3,85.3,0.5,2.7,3.1,0.9,0.6,0.6,0.2,2.5,18.7,0,0,0,71.2
147,Joe Ingles,UTA,33,32,23,9,26.5,11.5,4,7.7,52.2,2.5,5.3,46.5,1.1,1.2,89.5,0.4,2.9,3.3,4.4,1.6,0.5,0.3,1.8,22.7,1,0,6,54.5
148,Kyle Kuzma,LAL,25,36,24,12,25.9,11.5,4.5,10.1,44.4,1.8,4.9,36.5,0.7,1.1,63.2,2.1,4.6,6.7,1.1,1.5,0.4,0.6,1.8,22.8,9,0,1.4,60
149,Dario Saric,PHX,27,17,12,5,18.1,11.5,4.1,8.4,48.3,1.4,3.6,37.7,2,2.2,91.9,0.8,3.2,4,1.3,1.2,0.8,0.2,1.9,20,0,0,9.2,77.5
150,Jeremy Lamb,IND,29,21,8,13,23.2,11.3,3.7,7.9,47.3,1.6,3.6,44.7,2.3,2.4,94.1,0.7,3,3.7,1.6,0.8,0.9,0.5,2.1,21.6,0,0,-2.1,62.5
151,Lonnie Walker IV,SAS,22,30,16,14,27.3,11.3,4.2,10.5,40.2,1.8,4.9,35.8,1.1,1.3,80,0.2,2.7,2.9,1.8,1.1,0.5,0.4,2.1,19.1,0,0,-4.4,108
152,Cam Reddish,ATL,21,26,10,16,28.9,11.2,3.7,10.1,36.5,1.3,4.8,26.2,2.6,3.2,81.7,0.8,3.2,4,1.3,1.3,1.3,0.3,2.6,21.6,0,0,-1.9,103.2
153,Rudy Gay,SAS,34,26,15,11,22,11.2,4.2,9.9,41.9,1.6,4.3,36.6,1.3,1.7,76.7,0.9,4.3,5.2,1.5,1.2,0.7,0.5,1.8,22.1,0,0,4.3,70.5
154,Alec Burks,NYK,29,25,13,12,24.7,11.1,3.7,9.1,40.5,1.9,4.7,40.2,1.9,2.2,83.9,0.5,3.8,4.3,2,1.1,0.7,0.2,1.9,21,0,0,3.1,104.8
155,Serge Ibaka,LAC,31,37,23,14,24,11.1,4.6,9,50.8,1,2.8,35.6,1,1.2,81.8,1.7,5,6.6,1.8,1.1,0.2,1.2,2,25.1,4,0,4.4,55
156,Cole Anthony,ORL,21,25,9,16,26.7,11,4,10.8,37.5,1.1,3.3,32.5,1.8,2.2,83.6,0.8,3.6,4.4,3.8,2,0.7,0.4,2,23.3,0,0,-4,57.5
157,Bobby Portis,MIL,26,36,22,14,21.5,10.9,4.6,8.4,54.6,1.1,2.1,50,0.6,0.9,69.7,1.9,5.2,7.1,1,0.8,0.8,0.4,1.9,23.9,4,0,3.4,71.8
158,Cedi Osman,CLE,26,35,13,22,25.8,10.9,3.9,10.4,37.3,2,6,33.2,1.1,1.4,79.6,0.7,3,3.7,2.7,1.1,0.9,0.1,2,21.1,1,0,-5.4,67.2
159,Wayne Ellington,DET,33,28,8,20,23.2,10.8,3.7,8.1,45.4,2.8,6.4,43.3,0.7,1,74.1,0.3,1.4,1.7,1.4,0.7,0.5,0.2,1.5,16.3,0,0,-1.9,71.8
160,Brook Lopez,MIL,33,36,22,14,27.1,10.8,3.9,8.4,46.7,1.5,4.4,34.8,1.4,1.7,82,1.4,3.7,5.1,0.6,0.9,0.5,1.3,2.1,22.5,1,0,4,58
161,Delon Wright,SAC,29,29,8,21,29.2,10.7,3.8,8.1,46.8,1,2.5,38.4,2.1,2.7,78.5,1.1,3.5,4.6,4.9,1.2,1.4,0.5,1.1,28.2,1,0,-1.4,76.2
162,Monte Morris,DEN,26,35,21,14,27.1,10.6,4.1,8.5,47.7,1.1,3.2,36,1.3,1.7,75.4,0.2,2,2.2,3.4,0.7,0.7,0.3,0.9,20.5,0,0,3.9,62.2
163,Cameron Johnson,PHX,25,34,23,11,24.2,10.4,3.7,8.4,43.7,2.1,5.7,37.8,0.9,1.1,86.5,0.6,2.8,3.4,1.4,0.8,0.6,0.3,1.4,18.6,0,0,5.8,71.5
164,Paul Millsap,DEN,36,26,15,11,23.9,10.4,3.8,7.3,52.4,1.2,3,41,1.6,2.3,69.5,1.6,3.6,5.2,1.7,1,0.8,0.5,2.1,22.2,1,0,1.4,76.5
165,Mason Plumlee,DET,31,34,9,25,28,10.4,4.3,7,60.7,0,0.2,0,1.9,2.8,67.4,2.8,6.4,9.1,3.8,2.1,0.8,0.9,3.5,30,9,2,-3.4,71.5
166,Donte DiVincenzo,MIL,24,36,22,14,26.7,10.3,3.9,9.3,41.8,1.9,4.9,38.4,0.6,0.9,63.6,1.2,3.5,4.7,3,1.2,1.1,0.2,1.5,23,1,0,6.4,51
167,Patrick Williams,CHI,19,33,15,18,28.5,10.2,3.8,8.1,47.4,0.9,2.3,39,1.6,2,78.8,0.9,3.9,4.8,1.2,1.5,0.7,0.8,2.3,20.7,2,0,-3.6,106.5
168,Jae Crowder,PHX,30,32,21,11,27.6,10.1,3.4,8.5,40.2,2.4,6.4,37.6,0.9,1.1,82.9,0.4,4.6,5,2.1,0.9,0.8,0.3,1.8,21.7,0,0,2.7,66
169,Dwayne Bacon,ORL,25,36,13,23,24.6,10.1,3.8,9.1,41.3,0.9,2.8,33.3,1.6,1.9,82.6,0.3,2.5,2.9,1,0.7,0.6,0.1,1.6,16.4,0,0,-5.8,76
170,Kelly Olynyk,HOU,30,35,17,18,26.5,10.1,3.8,8.5,44.1,1.9,5.7,32.8,0.6,0.9,73.3,0.9,4.9,5.9,2.1,1.3,0.8,0.5,2.8,23,1,0,1.8,80.2
171,De'Anthony Melton,MEM,23,20,10,10,20.4,10.1,3.8,8.1,47.2,1.7,3.9,42.3,0.8,1.1,76.2,0.5,2.6,3.1,2.9,1.3,1.2,0.7,1.7,22.6,0,0,4.6,90.8
172,Miles Bridges,CHA,23,35,17,18,26.8,10,3.8,7.7,49.1,1.3,3.4,38.3,1.2,1.3,93.2,1.3,4.4,5.7,2.1,1.7,0.7,0.7,2.4,22.6,6,0,0.3,59.5
173,Nic Claxton,BKN,22,5,4,1,15.1,10,4,5.8,69,0,0.2,0,2,2.8,71.4,0.8,2.6,3.4,1,0.4,1,1.4,1.6,22.4,0,0,4.2,86.2
174,Eric Paschall,GSW,24,34,18,16,17.6,9.9,3.9,7.8,49.4,0.4,1.3,28.9,1.8,2.5,71.8,0.8,2.5,3.3,1.3,1,0.3,0.1,1.7,15.9,0,0,-2.5,70
175,Saddiq Bey,DET,22,34,9,25,22.9,9.9,3.2,7.8,40.9,2.1,5.4,39.3,1.4,1.6,85.7,0.5,3.4,3.9,1.1,0.7,0.6,0,1.6,17.6,2,0,-2.5,83
176,Jae'Sean Tate,HOU,25,34,11,23,27.5,9.9,4,7.4,53.6,0.6,2,31.9,1.3,1.7,75.4,1.9,3.4,5.3,1.7,1.2,0.9,0.5,3.1,21.9,2,0,-2.1,78.5
177,Jusuf Nurkic,POR,26,12,7,5,23.4,9.8,4.2,8.6,48.5,0.3,1,25,1.3,2.3,55.6,1.9,5.8,7.7,2.8,1.9,0.9,0.9,2.8,26.7,4,0,1.3,64.5
178,Mike Muscala,OKC,29,34,14,20,18.6,9.7,3.4,7.7,44.1,2,5.4,36.8,0.9,1,91.4,0.6,3.2,3.8,0.8,0.6,0.2,0.3,1.6,16.5,0,0,0.1,124
179,Gary Harris,ORL,26,19,11,8,30.6,9.7,3.6,8.2,44.2,1.3,3.9,32,1.2,1.6,73.3,0.7,1.8,2.5,1.7,0.7,0.9,0.2,1.9,17.8,0,0,5.2,102
180,Cody Zeller,CHA,28,18,9,9,23.4,9.7,4.1,7.9,51.4,0.2,1.1,15.8,1.4,1.8,75.8,2.6,5,7.6,2.4,1.1,0.6,0.6,2.6,25,3,0,0.1,72
181,DeMarcus Cousins,LAC,30,25,11,14,20.2,9.6,3.2,8.4,37.6,1.6,4.6,33.6,1.8,2.4,74.6,1.2,6.4,7.6,2.4,1.6,0.8,0.7,3,25.5,6,0,-1.9,59.8
182,Desmond Bane,MEM,23,28,14,14,22.8,9.6,3.6,7.5,47.8,1.7,3.8,44.3,0.8,0.9,87.5,0.4,2.4,2.9,1.4,1,0.7,0.1,1.9,16.6,0,0,2.4,72.8
183,Jeff Green,BKN,34,33,20,13,26.4,9.5,3.4,6.8,50.7,1.5,3.5,42.2,1.2,1.5,79.6,0.5,3.1,3.6,1.4,0.8,0.7,0.2,1.9,17.9,0,0,1,57.5
184,Justise Winslow,MEM,25,6,3,3,22.3,9.5,4,10.7,37.5,0.5,2.5,20,1,1.7,60,0.8,4.3,5.2,1.5,1.7,0.5,0.7,3,19.8,0,0,2.7,89.5
185,Kevin Love,CLE,32,2,2,0,23.2,9.5,3,9,33.3,1.5,4.5,33.3,2,2.5,80,1,5,6,2.5,1.5,0.5,0,0.5,20.5,0,0,8,62.8
187,David Nwaba,HOU,28,28,8,20,22.9,9.4,3.6,7.4,48.1,0.6,2.3,27,1.6,2.4,69.7,1.3,2.4,3.7,1,0.6,1.1,0.7,2.1,20.1,1,0,-0.1,113.5
188,Bogdan Bogdanovic,ATL,28,11,6,5,22.6,9.4,3.2,8.3,38.5,2.1,6.1,34.3,0.9,1,90.9,0.2,3.3,3.5,2.2,1.2,0.4,0.2,1.9,17.2,0,0,-1.3,54.8
189,Bryn Forbes,MIL,27,36,22,14,18.7,9.3,3.4,7.2,46.7,2,4.5,44.8,0.6,0.8,74.1,0.2,1.1,1.3,0.6,0.5,0.2,0,1.1,11.9,0,0,0,77.8
190,Grayson Allen,MEM,25,23,11,12,24,9.3,2.9,7.1,40.9,2,4.9,40.7,1.5,1.7,89.5,0.3,2.5,2.8,2.2,0.9,1,0.1,1.3,18.4,0,0,1,62.8
191,Daniel Theis,CHI,29,34,18,16,24.3,9.3,3.6,6.5,56.4,0.8,2.1,37,1.2,1.8,66.7,1.3,3.7,5,1.4,1,0.6,1.1,2.9,21.5,1,0,2.2,61.2
192,Larry Nance Jr.,CLE,28,19,8,11,33.4,9.3,3.7,7.6,48.3,1.3,3.3,38.1,0.6,1.1,57.1,1.4,5.4,6.8,3.2,1.5,1.9,0.5,2.2,28.2,2,0,-2.2,62.8
193,Ty Jerome,OKC,23,4,2,2,24.9,9.3,3.8,7.5,50,1.8,4.8,36.8,0,0,0,0.8,2,2.8,3.3,0.5,0.8,0,3.5,19.2,0,0,-0.5,117.5
194,Josh Hart,NOP,26,36,15,21,28.7,9.2,3.2,7.1,44.7,1.4,4.1,33.3,1.5,1.9,75.7,1.1,6.3,7.3,2.1,0.8,0.8,0.3,2.4,23.4,5,0,-0.8,66.8
195,JaMychal Green,DEN,31,25,15,10,20.5,9.1,3.2,7.2,44.4,1.6,3.8,42.7,1.1,1.3,84.4,1.6,4.4,6,1,1,0.6,0.3,2.7,19.4,1,0,3.2,80
196,Danuel House Jr.,HOU,28,22,7,15,27.3,9.1,3.1,8.4,37.5,1.5,5,31.2,1.3,1.7,75.7,0.7,3.2,4,1.9,1,0.6,0.5,2,19.3,0,0,-7.9,87.5
197,Jaylen Nowell,MIN,21,22,3,19,16.7,9,3.2,7.7,41.8,1.1,3.3,34.7,1.4,1.7,83.8,0.5,1.5,1.9,1,0.5,0.5,0.2,1.8,14.2,0,0,-2.9,130.5
198,Michael Carter-Williams,ORL,29,17,9,8,26.4,9,3.4,8.5,40.3,0.5,1.8,25.8,1.7,2.2,76.3,1.6,3.2,4.8,4.1,1.9,0.6,0.5,2.9,22.4,0,0,2.1,83.2
199,Nicolas Batum,LAC,32,35,22,13,29.5,9,3.1,6.5,47.2,1.9,4.4,43.9,0.9,1,83.3,0.9,3.9,4.8,2.4,0.7,1.2,0.4,1.7,22.3,1,0,5.3,63.5
200,Garrett Temple,CHI,35,33,16,17,28.4,8.8,3.2,7.6,42.8,1.4,4,34.4,0.9,1.2,81.6,0.6,2.6,3.2,2.1,1,0.9,0.5,2.3,19.2,0,0,3.6,122.8
201,Reggie Jackson,LAC,31,35,21,14,20.3,8.7,3.3,7.1,45.6,1.3,3.3,40,0.9,1.2,75.6,0.4,2.2,2.6,2.9,1,0.6,0.1,1.9,17.2,0,0,1.1,62.8
202,JJ Redick,DAL,37,31,14,17,18.6,8.7,2.8,6.9,40.7,1.6,4.5,36.4,1.5,1.5,95.7,0.1,1.6,1.7,1.3,0.8,0.3,0.1,1.2,12.9,0,0,-1,63.8
203,Kentavious Caldwell-Pope,LAL,28,33,21,12,26.1,8.7,3,6.8,43.8,1.5,3.8,40.2,1.2,1.4,84.8,0.5,1.9,2.4,1.4,1,0.8,0.3,1.7,15.8,0,0,4.8,85
204,Isaiah Roby,OKC,23,30,12,18,21.3,8.6,3.3,6.3,52.1,0.6,1.8,34,1.4,1.9,72.4,1.5,3.9,5.4,1.8,1.3,0.8,0.6,2.7,20.6,2,0,-2.9,89.5
205,Bruce Brown,BKN,24,33,23,10,21.2,8.6,3.6,6.1,59,0.3,1,27.3,1.2,1.6,71.7,1.5,3.1,4.7,1.4,0.8,0.8,0.3,2.1,18.8,1,0,0.8,76.8
206,Reggie Bullock,NYK,30,32,18,14,26.3,8.5,3.1,7.6,40.6,1.7,4.6,37.2,0.6,0.8,83.3,0.3,3.1,3.4,1.3,0.7,0.6,0.2,2.2,16.4,0,0,0.6,86.2
207,Avery Bradley,HOU,30,10,4,6,21.1,8.5,3.1,6.6,47,1.6,3.8,42.1,0.7,0.9,77.8,0.2,1.6,1.8,1.4,0.9,0.7,0.1,2.6,14.3,0,0,-1.4,111.2
208,Patrick Beverley,LAC,32,28,18,10,24.2,8.5,2.8,6.3,44.6,1.8,4.1,42.2,1.1,1.4,79.5,1,2.9,3.8,2.1,1,0.9,0.8,3.2,20.4,0,0,5.7,49.2
209,Nemanja Bjelica,MIA,33,19,6,13,18,8.5,3.1,6.3,48.3,0.8,2.4,33.3,1.6,2,78.9,1.1,3.2,4.2,2.2,1.3,0.3,0.1,1.9,16.8,0,0,-1.8,76
210,Danny Green,PHI,34,36,24,12,28.3,8.5,2.9,7.5,39.3,2.2,5.9,37.6,0.4,0.6,65,0.9,2.7,3.6,1.7,1.3,1.3,0.8,1.8,20.1,1,0,2.9,60.2
211,Mitchell Robinson,NYK,23,27,12,15,28.8,8.4,3.8,5.8,66,0,0,0,0.8,1.7,47.8,3.6,4.8,8.4,0.5,0.8,1.2,1.5,2.9,26.6,4,0,-0.6,104.5
212,Taurean Prince,CLE,27,29,11,18,21.4,8.3,2.7,7.2,38,1.3,3.5,38.6,1.6,1.8,84.9,0.5,3.1,3.6,1.7,1.1,0.7,0.7,1.8,18.1,0,0,-3.3,132.5
213,Robin Lopez,WAS,33,34,14,20,20.3,8.3,3.3,5.6,58.9,0.1,0.4,30.8,1.6,2.2,69.7,2.3,1.9,4.3,0.9,1.1,0.3,0.6,1.9,16.4,2,0,-1.6,73
214,Hassan Whiteside,SAC,32,23,10,13,14.6,8.3,3.5,6,58,0,0,0,1.3,2.4,54.5,1.6,4.2,5.7,0.5,1,0.3,1.3,1.8,19.5,2,0,-3.4,88.5
215,Tyus Jones,MEM,25,32,16,16,21.6,8.3,3.5,7.8,44.2,0.8,2.7,29.4,0.5,0.6,85,0.5,2.1,2.5,4.6,0.9,1.3,0.1,0.4,21.4,2,0,-1.7,76.2
216,Nickeil Alexander-Walker,NOP,22,28,12,16,17.7,8.2,3.1,7.5,40.8,1.1,3.5,30.6,1,1.3,80,0.2,2.2,2.4,1.9,1.1,1,0.3,1.6,16.8,0,0,-1.5,57.2
217,Dorian Finney-Smith,DAL,28,25,14,11,31.5,8.2,3.1,7.2,42.8,1.6,4.8,34.5,0.4,0.5,83.3,1.4,3.7,5.1,1.4,0.6,1,0.4,2.7,20,0,0,0.4,68.5
218,Ivica Zubac,LAC,24,38,24,14,19.8,8.2,3.2,4.8,65.9,0,0,0,1.9,2.3,82.6,2.4,4.6,7,1.1,1,0.4,0.8,2.5,20.7,7,0,0.4,75.5
219,Anfernee Simons,POR,22,32,19,13,17,8.2,2.7,6.9,39.5,2,4.9,41.1,0.7,0.8,84.6,0.2,2.3,2.4,1.3,0.8,0.2,0.2,1.7,13.2,0,0,-3.7,121
220,Derrick Jones Jr.,POR,24,31,18,13,27,8.1,3,5.9,50.5,0.8,2.5,33.3,1.3,2,64.5,1.9,2.9,4.8,0.9,0.7,0.8,1.1,2.4,20,0,0,0.9,75
221,Isaac Okoro,CLE,20,31,12,19,33.2,8.1,3,7.3,41.3,0.9,3,30.1,1.2,1.7,67.9,1,1.7,2.7,1.9,1.5,1.2,0.5,3.1,17.6,0,0,-6.2,114.8
222,Furkan Korkmaz,PHI,23,25,17,8,18.7,8,2.8,7.2,38.3,1.6,4.5,34.5,1,1.2,80,0.2,2.2,2.4,0.8,1,0.6,0.2,1.2,13.5,0,0,1,102.2
223,Denzel Valentine,CHI,27,30,14,16,19.7,8,3.1,8.3,37.5,1.6,4.7,34.8,0.2,0.2,100,0.4,3.7,4.1,1.8,0.6,0.7,0,1.2,17.3,0,0,2.7,124.8
224,Steven Adams,NOP,27,33,14,19,27.8,8,3.5,5.7,61.5,0,0,0,1.1,2.4,44.3,4,4.9,8.9,2.1,1.5,0.9,0.6,1.9,24.8,8,1,0.5,49.8
225,Ricky Rubio,MIN,30,34,7,27,25.4,8,2.7,6.9,39,0.8,2.4,32.9,1.8,2.2,82.4,0.4,2.7,3.1,6.4,2.1,1.2,0,2.3,23,1,0,-4.9,95
226,Tyrese Maxey,PHI,20,32,21,11,16.2,8,3.4,7.6,45,0.5,1.7,27.3,0.7,0.8,88,0.3,1.6,1.9,1.8,0.7,0.5,0.2,1.3,14.1,0,0,-4,109.2
227,Tristan Thompson,BOS,30,34,17,17,22.8,7.9,3.3,6.1,53.1,0,0.1,0,1.4,2.2,63.2,3.1,5.2,8.3,1,0.9,0.4,0.4,2.1,20.7,4,0,-0.3,63
228,Robert Covington,POR,30,33,21,12,31.9,7.9,2.8,7.4,37.4,1.7,5.2,33.3,0.7,0.8,82.1,0.8,5.8,6.6,1.7,1.2,1.6,1.2,2.6,25.5,3,0,3.3,78
229,Raul Neto,WAS,29,29,12,17,20.4,7.9,3,6.8,44.9,1,2.6,37.3,0.9,1,83.3,0.4,1.8,2.3,2.1,0.7,1.1,0.1,1.3,16.6,0,0,-1.3,99.8
230,Gorgui Dieng,SAS,31,22,9,13,16.9,7.9,2.5,4.9,51.9,1,2.2,47.9,1.7,2,88.4,1.3,3.2,4.5,1.3,1,0.8,0.6,1.7,18.4,0,0,-0.5,84.5
231,Landry Shamet,BKN,24,33,21,12,19.7,7.8,2.5,6.5,38.4,1.8,4.9,35.8,1,1.2,86.8,0.2,1.7,1.8,1.1,0.8,0.5,0.2,1.3,12.7,0,0,-1,123.2
232,Theo Maledon,OKC,20,31,14,17,25.7,7.8,2.8,7,39.4,1.5,4.1,35.4,0.8,1,75,0.2,2.7,3,3.3,1.8,1,0.1,2.2,17.7,1,0,-5.2,71.8
233,Payton Pritchard,BOS,23,30,16,14,21.4,7.7,2.9,6.3,45.7,1.4,3.4,40.2,0.6,0.6,94.4,0.5,1.8,2.3,2.3,1.1,0.6,0.2,2,15.1,0,0,0.8,102.8
234,Trey Burke,DAL,28,33,17,16,16.3,7.6,2.8,6.2,44.9,1.2,3.2,39.4,0.8,0.9,87.1,0.1,0.9,1,1.6,0.6,0.7,0.1,1.2,12.9,0,0,-0.7,108.5
235,Royce O'Neale,UTA,28,36,27,9,32.8,7.6,2.6,5.9,44.1,1.7,4.2,41.1,0.6,0.8,82.1,1.3,5.5,6.8,2.6,1.2,0.8,0.6,2.8,22.5,2,0,6.4,72.5
236,P.J. Dozier,DEN,24,21,14,7,19.4,7.6,2.8,6,45.7,1,2.4,39.2,1.1,1.8,60.5,0.9,3,3.9,1.7,0.8,0.5,0.6,1.7,17.4,0,0,4.2,86.8
237,JaVale McGee,DEN,33,27,11,16,15.2,7.5,3.1,6.4,48.9,0.2,0.6,29.4,1,1.7,60.9,1.6,3.6,5.1,1,1.3,0.5,1.2,2.6,18.9,0,0,-4.3,102
238,Luke Kennard,LAC,25,34,23,11,20.1,7.4,2.8,6,46.3,1.5,3.4,45.6,0.4,0.4,86.7,0.2,2.4,2.6,1.7,0.9,0.3,0.2,1.6,13.8,0,0,-0.1,66.2
239,Sterling Brown,HOU,26,32,11,21,22.3,7.4,2.7,6.1,43.9,1.6,4,40.2,0.4,0.5,93.3,0.7,3.5,4.2,1.7,0.8,1,0.2,2,17.8,0,0,-2.1,76.2
240,DeAndre Jordan,BKN,32,35,22,13,22.8,7.4,3.3,4.3,76.2,0,0,0,0.8,1.6,51.8,1.8,5.7,7.5,1.9,1.7,0.3,1.5,2.2,22.9,4,0,2.1,53.5
241,Aaron Holiday,IND,24,35,16,19,19.1,7.3,2.7,7.3,37.1,1.1,3.1,35.2,0.8,1.1,72.5,0.2,1.1,1.3,1.8,0.8,0.6,0.1,1.8,12.8,1,0,0.2,127.2
242,Austin Rivers,DEN,28,21,10,11,21.1,7.3,2.8,6.4,43,1.3,3.7,36.4,0.5,0.7,71.4,0.2,2,2.2,2,1,0.6,0,1.5,13.7,0,0,-2.1,112.2
243,Frank Kaminsky,PHX,28,27,20,7,15.8,7.3,2.9,6.1,46.7,1,2.3,41.9,0.6,1.1,58.6,0.8,3.1,3.9,1.7,0.5,0.3,0.4,1.4,16.3,1,0,1.4,87.5
244,Dennis Smith Jr.,DET,23,15,5,10,18.3,7.3,2.8,7.3,38.5,0.9,2.9,31.8,0.7,0.9,78.6,0.7,2,2.7,3.3,1.1,1.2,0.5,1.5,19.4,1,1,-1.5,86.2
245,James Ennis III,ORL,30,24,7,17,21.4,7.3,2.5,5,50,0.9,2,44.7,1.4,1.8,78.6,1.1,2.8,3.9,1.3,0.9,0.8,0.3,2.2,16.3,1,0,0.4,90.8
246,Willy Hernangomez,NOP,27,20,8,12,18,7.3,3,5.5,54.5,0.1,0.3,20,1.2,1.8,66.7,2.7,4.3,7,1.3,0.6,0.4,0.5,1.4,19.5,3,0,0.5,85
247,Talen Horton-Tucker,LAL,20,33,21,12,17.5,7.2,2.8,6.5,44.1,0.5,1.9,28.6,1,1.2,82.1,0.3,2.1,2.4,2,1.3,0.8,0.6,2.1,16,0,0,-1.2,51.8
248,Jarrett Culver,MIN,22,19,4,15,19.8,7.2,2.8,6.7,42.2,0.4,1.8,22.9,1.1,1.8,60,1.6,3.2,4.7,0.8,1.2,0.6,0.4,2.1,15.9,1,0,-4.3,120.5
249,Timothe Luwawu-Cabarrot,BKN,26,34,21,13,19.7,7.2,2.5,6.5,38.9,1.6,4.3,36.3,0.6,0.8,76.9,0.5,1.8,2.4,1.3,0.7,0.7,0.1,1.9,13.8,0,0,-0.1,79.8
250,Tomas Satoransky,CHI,29,23,11,12,20.7,7.2,2.6,4.9,53.6,0.8,1.7,48.7,1.1,1.3,89.7,0.3,2.3,2.6,4.4,1.5,0.5,0.2,1.2,17.6,0,0,3,116.2
251,Moritz Wagner,ORL,24,22,10,12,14.3,7.1,2.5,4.8,53.3,0.5,1.6,34.3,1.5,2,75,0.5,2.5,3,1.2,0.6,0.7,0.3,2.3,14.9,0,0,1.1,81.8
252,Terence Davis,SAC,24,30,14,16,14.7,7.1,2.6,6.2,42.2,1.3,3.7,36.4,0.5,0.6,88.9,0.3,1.6,1.9,1.1,0.8,0.5,0.2,1.5,12.5,0,0,1.4,80.8
253,Max Strus,MIA,25,19,6,13,14.9,7.1,2.5,5.4,45.6,1.6,4.5,36.5,0.5,0.7,71.4,0.1,0.9,1.1,0.5,0.2,0.2,0,1.3,9.5,0,0,-2.3,119.2
254,Saben Lee,DET,22,15,5,10,15.9,7.1,2.5,4.7,54.3,0.3,0.4,66.7,1.7,2.6,66.7,0.4,1.1,1.5,2.3,0.9,0.7,0.3,1.7,14.7,0,0,-0.3,145.8
255,Maxi Kleber,DAL,29,22,14,8,25.9,7,2.2,5,44,1.7,3.7,45.1,1,1,95.7,0.9,4.5,5.3,1.4,0.5,0.5,0.9,2.3,19,0,0,2.2,62.5
256,Xavier Tillman Sr.,MEM,22,27,14,13,20.4,7,3,5.9,51.3,0.4,1.3,28.6,0.6,0.9,73.9,1.5,3.1,4.6,1.7,0.9,0.9,0.6,2.4,18.7,0,0,1.2,83
257,Robert Williams III,BOS,23,29,16,13,16.1,6.9,3,4.2,72.1,0,0,0,0.9,1.3,64.1,2.3,3.6,5.9,1.1,1,0.9,1.4,1.8,21.6,2,0,-1.3,111
258,Garrison Mathews,WAS,24,28,13,15,16.2,6.9,1.9,4.5,42.1,1.4,3.6,40,1.6,1.8,92,0.4,1.4,1.8,0.5,0.1,0.7,0.2,1.6,12.2,0,0,-1.9,127.8
259,Damyean Dotson,CLE,27,30,12,18,18.8,6.8,2.6,6.6,40.1,1,3.5,27.9,0.6,0.9,69.2,0.1,1.6,1.8,2.2,0.8,0.4,0.1,0.9,13,0,0,-3.2,128.2
260,Justin Patton,HOU,24,6,0,6,21.4,6.8,2.7,5.2,51.6,1,2.8,35.3,0.5,0.7,75,0.8,3.2,4,0.8,0.3,1.2,1.7,3.2,21.1,0,0,-5.3,#N/A
261,Jordan Poole,GSW,22,16,8,8,10.6,6.8,2.3,4.8,46.8,1.1,3.1,36.7,1.2,1.3,95,0.1,1.2,1.3,0.9,0.5,0.3,0.2,0.9,10.5,0,0,-0.5,69.2
262,Svi Mykhailiuk,OKC,24,35,9,26,17.4,6.8,2.3,6.1,37.7,1.5,4.6,33.5,0.7,0.9,80,0.3,1.7,2,1.4,1.1,0.7,0.2,0.9,12.9,0,0,-0.9,120.2
263,T.J. McConnell,IND,29,32,15,17,25.3,6.7,3.1,5.9,52.6,0.2,0.6,31.6,0.3,0.6,50,0.7,3,3.7,6.8,1.9,2,0.4,1.6,26.4,2,1,1.2,67.5
264,Spencer Dinwiddie,BKN,28,3,2,1,21.4,6.7,2,5.3,37.5,0.7,2.3,28.6,2,2,100,0,4.3,4.3,3,1.7,0.7,0.3,1.3,17.7,0,0,14,108.8
265,Cameron Payne,PHX,26,24,16,8,16.4,6.6,2.5,5.3,48,1,2.4,42.1,0.5,0.6,92.9,0.1,1.7,1.8,3.6,1,0.6,0.2,1.8,15.7,1,0,3.2,122
266,Kent Bazemore,GSW,31,35,17,18,16.8,6.6,2.4,5,48,1.1,2.5,43.8,0.7,0.9,75,0.4,2.6,3,1.6,1.1,0.9,0.5,2.2,15.7,0,0,3.1,95.5
267,Pat Connaughton,MIL,28,33,20,13,21.1,6.5,2.4,5.3,44.3,1.4,3.5,39.3,0.4,0.5,82.4,0.9,3.3,4.3,1.4,0.4,0.7,0.5,1.6,16.8,0,0,4.1,74.2
268,Jakob Poeltl,SAS,25,32,18,14,23.4,6.5,3,5,61,0,0,0,0.5,1.5,31.9,3,4.3,7.3,1.8,1.2,0.6,1.6,2.2,23.4,4,0,3.7,76.5
269,Marquese Chriss,GSW,23,2,0,2,13.4,6.5,2.5,7,35.7,0.5,2.5,20,1,2,50,1.5,5,6.5,1,1,0,1,1.5,17.8,0,0,-12.5,121
270,Justin Jackson,MIL,26,25,8,17,16.2,6.4,2.4,6,40.9,0.9,3.2,29.1,0.6,0.8,80,0.4,1.9,2.3,1.5,1,0.4,0,1,11.9,0,0,-1.7,140.5
271,Damion Lee,GSW,28,37,19,18,19.2,6.4,2.1,4.8,44.6,1.4,3.7,37.7,0.8,0.8,90.3,0.4,3,3.4,1.4,0.5,0.7,0.1,1.5,14.5,0,0,1.4,50.2
272,Jeff Teague,MIL,33,28,14,14,18.1,6.4,2.1,5.6,37.3,0.7,1.6,42.2,1.5,1.7,89.6,0.3,1.4,1.6,2.1,1.1,0.8,0.2,1.2,13.4,0,0,1.7,87.8
273,Cory Joseph,DET,29,36,14,22,20.8,6.4,2.5,5.6,44.8,0.7,2.1,32,0.8,1,77.1,0.6,1.6,2.2,2.4,1,0.7,0.2,2.3,14.1,0,0,-5.1,110
274,Jake Layman,MIN,27,24,4,20,15.5,6.4,2.5,4.8,51.3,0.6,2,31.9,0.9,1.1,77.8,0.3,1.3,1.5,0.7,0.7,0.8,0.5,1.1,12.4,0,0,-3.3,148
275,Abdel Nader,PHX,27,19,13,6,14.4,6.4,2.3,4.7,48.9,0.7,1.7,39.4,1.1,1.3,80,0.2,2.3,2.4,0.8,0.7,0.3,0.4,1.3,11.8,0,0,1.8,98
276,Derrick Favors,UTA,29,34,25,9,16.2,6.3,2.5,3.9,64.9,0,0,0,1.3,1.7,78.9,1.9,3.6,5.5,0.8,0.6,0.5,0.9,2.4,17.9,1,0,1.7,83
277,Aron Baynes,TOR,34,33,16,17,19.7,6.3,2.7,6.1,44,0.5,2.1,24.3,0.5,0.6,75,1.6,3.8,5.4,1.1,0.9,0.3,0.3,2.4,15.4,0,0,-1.5,111.5
278,Dylan Windler,CLE,24,22,8,14,18.9,6.3,2.1,4.7,45.6,1,2.9,36.5,1,1.2,80.8,0.8,3.3,4.1,1.3,1,0.7,0.5,1.3,15.5,1,0,-2.1,137.5
279,Frank Mason,ORL,27,4,1,3,19.8,6.3,2.3,6,37.5,0.5,1.3,40,1.3,1.8,71.4,0.8,2.3,3,3,1.3,0,0,1.8,13.1,0,0,-4.8,#N/A
280,Ben McLemore,LAL,28,24,8,16,15.5,6.2,2.1,5.8,35.7,1.3,4.3,31.4,0.7,1,73.9,0.4,1.7,2.1,1,1,0.6,0,1.4,11.1,0,0,-3.2,114.5
281,Kenrich Williams,OKC,26,36,15,21,18.9,6.2,2.6,4.7,55.4,0.6,1.4,42,0.4,0.7,62.5,1.3,2.7,4,1.6,0.9,0.8,0.2,1.8,15.5,0,0,0,124
282,D.J. Augustin,HOU,33,34,21,13,19.5,6.1,1.9,5.4,35,1.3,3.6,36.6,1,1.1,89.7,0.3,1,1.4,3,0.9,0.6,0,0.8,13.2,0,0,2.7,73.2
283,Dwight Howard,PHI,35,36,24,12,15.9,6.1,2.3,3.8,58.7,0.1,0.3,36.4,1.5,2.8,53,2.5,4.8,7.3,0.8,1.7,0.4,0.9,2.9,18.1,3,0,-2,46.2
284,Jarred Vanderbilt,MIN,22,34,5,29,19.2,6.1,2.5,4.1,61.2,0,0.1,50,1,1.9,55.6,1.8,3.9,5.7,1.5,1,1.1,0.6,2.1,19.5,3,0,-3.5,91
285,Precious Achiuwa,MIA,21,35,17,18,14,6.1,2.4,4.1,57.9,0,0,0,1.3,2.3,54.3,1.3,2.7,4,0.6,0.9,0.4,0.5,1.7,13.7,2,0,-2,64
286,Dakota Mathias,PHI,25,8,4,4,15.4,6,2.4,6,39.6,1,3.3,30.8,0.3,0.8,33.3,0.1,0.8,0.9,1.6,0.1,0.1,0.4,0.9,10.9,0,0,-3.9,#N/A
287,Juancho Hernangomez,MIN,25,17,4,13,16,5.9,2.1,5.3,40,0.9,3.1,30.2,0.8,1.1,68.4,0.8,3.6,4.4,0.6,0.4,0.4,0.1,0.8,13.1,0,0,-2,87
288,Deni Avdija,WAS,20,30,14,16,21.5,5.9,2.3,5.2,43.3,1,2.9,35.6,0.4,0.6,57.9,0.4,4.2,4.7,1.3,0.8,0.7,0.2,2.5,15.3,0,0,-1,54.8
289,Khem Birch,TOR,28,35,13,22,20.1,5.9,2.2,4.4,49.7,0.1,0.4,30.8,1.5,2,73.9,2.6,2.8,5.3,1.1,0.5,0.6,0.7,1.5,17.3,2,0,-2.6,92.2
290,James Johnson,NOP,34,27,12,15,17.9,5.9,2.4,5.2,46.4,0.6,2.1,25.9,0.5,1,53.8,0.4,2.6,3.1,1.7,1,0.9,0.8,2,16.2,0,0,-1.3,90.5
291,Gabe Vincent,MIA,25,25,14,11,15,5.8,2.1,5.7,36.4,0.9,3.6,25.8,0.8,0.8,90.5,0.1,1,1.1,1.2,0.8,0.5,0.1,1.8,9.9,0,0,-1.2,94.2
292,Juan Toscano-Anderson,GSW,28,23,10,13,20.6,5.8,2.3,4.1,56.4,0.7,1.5,42.9,0.6,0.8,72.2,0.7,3.8,4.5,2.2,1.1,0.6,0.5,2.1,16.7,0,0,0.1,73
293,Alex Caruso,LAL,27,29,18,11,19.9,5.8,2.1,5,42.8,1,2.4,40,0.6,0.8,69.6,0.6,2.2,2.8,2.4,1.1,1,0.2,1.8,15.3,0,0,3.7,79.5
294,Trey Lyles,SAS,25,19,9,10,16.4,5.8,2.2,4.4,50.6,0.7,1.9,37.8,0.6,1,63.2,0.4,3.6,4.1,0.6,0.2,0.3,0.1,0.6,12.3,1,0,-4.1,145
295,Frank Ntilikina,NYK,22,9,6,3,14.1,5.8,2,4.1,48.6,1.4,2.3,61.9,0.3,0.6,60,0.1,0.7,0.8,0.8,0.6,0.9,0,1.7,10,0,0,-1.6,119.8
296,Draymond Green,GSW,31,31,16,15,29.6,5.7,2.2,5.6,39.1,0.5,1.9,23.7,0.9,1.2,71.1,0.7,5.3,6.1,8.6,2.7,1.4,0.7,3.2,29.6,5,1,2.7,45.5
297,Bismack Biyombo,CHA,28,33,15,18,22.3,5.6,2.4,4.2,56.9,0,0,0,0.9,1.8,48.3,2.2,3.4,5.6,1.5,0.9,0.3,1.2,2.5,17.8,1,0,-2.8,84.2
298,Willie Cauley-Stein,DAL,27,31,15,16,17.3,5.5,2.3,3.6,62.5,0,0.2,16.7,1,1.5,64.6,1.3,3.3,4.5,0.8,0.5,0.3,0.7,2.4,14.8,1,0,1.9,128.5
299,Mason Jones,PHI,22,22,7,15,11.1,5.5,1.7,4,43.7,0.8,2.2,36.7,1.3,2,65.1,0.2,1.9,2.1,1.3,1.2,0.3,0,1,9.7,0,0,-3.6,119
300,Caleb Martin,CHA,25,26,13,13,15.2,5.5,2.1,5.1,41.4,0.7,2.2,33.3,0.5,1,53.8,0.8,2,2.8,1.2,0.7,0.8,0.3,1,13.2,0,0,-2.2,137.8
301,Devin Vassell,SAS,20,26,16,10,17.3,5.5,1.9,4.8,39.7,1,2.4,39.7,0.7,0.8,85.7,0.6,2.6,3.2,1.1,0.5,1.1,0.3,1.2,14.9,0,0,0.9,123.5
302,Facundo Campazzo,DEN,30,30,18,12,16.3,5.5,1.7,4.2,40.5,1.1,2.9,37.9,1,1.2,81.1,0.2,0.9,1,2.1,0.8,1,0.2,1.9,12.6,0,0,1.6,87.5
303,Semi Ojeleye,BOS,26,34,17,17,19,5.5,1.9,4.4,41.7,1.2,3.1,38.3,0.6,0.8,71.4,0.6,2.3,2.9,0.8,0.4,0.3,0,1.2,10.7,0,0,0.4,121.5
304,Isaiah Stewart,DET,20,34,10,24,18.4,5.4,2.4,4.3,55.5,0,0.1,20,0.6,0.9,68.8,2.4,3.4,5.8,0.7,0.9,0.5,1,2.6,17.1,3,0,1,135.5
305,Carsen Edwards,BOS,23,14,6,8,10.5,5.4,2.1,4.5,46,0.8,2.4,32.4,0.5,0.6,77.8,0.1,0.9,1,0.4,0.1,0.3,0.1,1.1,8.2,0,0,-1.1,120.8
306,Jordan McLaughlin,MIN,25,24,2,22,19.4,5.4,2.2,5.9,37.6,0.7,1.9,34.8,0.3,0.4,80,0.5,1.8,2.3,4.7,1.1,1,0.2,1,17.7,0,0,-3.6,128
307,Georges Niang,UTA,28,36,27,9,13.4,5.4,2,4.6,43.1,1.3,3.3,38.5,0.1,0.1,100,0.3,1.8,2.2,0.7,0.6,0.3,0.1,1.5,9.5,0,0,3.8,92.8
308,Markieff Morris,LAL,31,31,18,13,17.4,5.4,1.9,4.7,40.7,0.9,2.8,32.2,0.6,0.9,69,0.7,3.1,3.8,1,0.6,0.2,0.3,1.6,12.3,0,0,0.9,86
309,Grant Williams,BOS,22,28,13,15,18.5,5.3,1.9,4.1,47,0.9,2.1,43.3,0.5,1,51.7,1,1.9,2.9,0.9,1,0.5,0.4,2.8,11.7,0,0,-2.7,79.8
310,Alex Len,WAS,28,26,10,16,13.5,5.3,2.1,3.3,62.8,0.2,0.8,30,0.9,1.6,57.1,0.7,2.4,3.1,0.9,1,0.3,1.2,1.8,14.1,0,0,-2.3,134.5
311,Glenn Robinson III,SAC,27,23,9,14,16.1,5.3,1.8,4.3,42.4,0.7,1.9,36.4,0.9,1,91.3,0.5,1.5,2,0.9,0.5,0.2,0.1,1,9.3,0,0,-5.7,101.5
,,,,,,,,,,,,,,,,,,,,,,,,,,,,,,
313,Nassir Little,POR,21,20,11,9,11.9,5.3,1.7,3.5,47.1,0.9,1.9,45.9,1.1,1.3,88,0.7,1.6,2.3,0.4,0.5,0.2,0.3,1.1,9.2,0,0,-0.7,97.5
314,Kira Lewis Jr.,NOP,20,21,8,13,13,5.2,2,5.1,38.9,0.6,1.9,33.3,0.6,1,65,0.1,0.7,0.8,1.8,0.4,0.6,0,1.2,10.4,0,0,0,81.8
315,Jerome Robinson,WAS,24,13,3,10,17,5.2,1.7,5.2,32.8,0.7,2.4,29,1.2,1.3,88.2,0.2,2.4,2.5,1.4,0.8,0.5,0.2,1.6,11.4,0,0,-5.4,139.2
316,Al-Farouq Aminu,CHI,30,9,3,6,18.1,5.2,1.9,4.8,39.5,0.7,1.7,40,0.8,1,77.8,1,3.1,4.1,1.7,1.1,0.9,0.6,1,15.9,0,0,-6.4,78.2
317,Ish Smith,WAS,32,19,6,13,20.6,5.2,2.3,6.1,37.9,0.3,1.1,25,0.3,0.8,40,0.5,2.9,3.5,4.7,1,0.8,0.2,0.9,18.5,0,0,1.2,129.2
318,Edmond Sumner,IND,25,22,8,14,11.4,5.1,1.9,3.7,51.2,0.4,1.2,34.6,0.9,1.2,74.1,0.4,1,1.4,0.5,0.8,0.6,0.1,1.2,8.8,0,0,-0.1,146.2
319,Jaden McDaniels,MIN,20,30,4,26,19.1,5.1,1.9,5,38.3,0.9,2.8,33.7,0.4,0.8,52.2,0.6,2.8,3.4,1,0.8,0.3,1,2.4,13.9,0,0,-1.2,144
320,Kevin Knox II,NYK,21,26,13,13,15.3,5.1,1.8,4.6,39.5,1.1,2.8,38.9,0.4,0.5,78.6,0.3,1.5,1.9,0.7,0.6,0.3,0.2,1.3,9.4,0,0,-2.6,115
321,Jordan Nwora,MIL,22,10,7,3,8.2,5.1,1.7,3.7,45.9,0.8,1.6,50,0.9,1,90,0.1,1.4,1.5,0,1,0.4,0.2,0.9,7.7,0,0,-0.7,102.8
322,Tony Snell,ATL,29,23,12,11,18.3,5.1,1.8,3.7,48.2,1.5,2.7,56.5,0,0,0,0.5,1.6,2,1.2,0.6,0.1,0.3,1.3,10,0,0,1.2,135.8
323,Rodney Hood,TOR,28,30,19,11,19.2,5,2.1,5.6,36.9,0.7,2.2,29.9,0.2,0.3,62.5,0.3,1.4,1.7,1.1,0.8,0.6,0.1,1.4,9.7,0,0,-2.4,86.8
324,Nerlens Noel,NYK,27,32,16,16,22.2,4.9,2.1,3.5,61.3,0,0.1,0,0.7,1,66.7,2.1,4,6.1,0.6,1.2,1,2,2.6,21.1,1,0,-0.2,123
325,Andre Iguodala,MIA,37,34,18,16,21.6,4.9,1.7,4.3,38.8,1.1,3.3,33.9,0.4,0.7,56,0.6,3.1,3.7,2.3,1.1,1.1,0.5,1.5,16.3,0,0,-2.3,64.8
326,Daniel Gafford,WAS,22,26,12,14,13.2,4.8,1.9,2.9,66.7,0,0,0,1,1.5,66.7,1.3,1.8,3.2,0.6,0.7,0.4,1.2,1.8,13.8,0,0,-1.1,131.5
327,DaQuan Jeffries,SAS,23,12,2,10,15.7,4.8,1.8,4.3,42.3,0.7,2,33.3,0.5,0.6,85.7,0.6,1.2,1.8,0.3,0.4,0.4,0.3,1.4,9.3,0,0,0.6,131
328,Terance Mann,LAC,24,35,22,13,15.7,4.8,1.8,3.7,48.1,0.4,1,38.2,0.9,1.1,80,0.9,2.4,3.3,1.3,0.7,0.4,0.2,1.7,11.7,0,0,-1.9,73.2
329,Brad Wanamaker,CHA,31,37,19,18,16.2,4.8,1.6,4.4,35.8,0.4,1.5,23.2,1.3,1.5,89.1,0.2,1.5,1.7,2.7,0.9,0.7,0.2,1.4,12.5,0,0,-0.5,104.5
330,Marc Gasol,LAL,36,35,24,11,20.1,4.8,1.5,3.8,40.3,0.9,2.4,36.5,0.8,1,80.6,0.7,3.4,4.1,2,0.9,0.5,1.3,2.3,17.1,0,0,2.1,59
331,Javonte Green,CHI,27,22,11,11,15,4.8,1.8,3.2,54.9,0.3,1,31.8,0.9,1.4,66.7,0.9,1.4,2.3,0.5,0.5,0.8,0.1,1.3,10.4,0,0,-1.4,129.8
332,Mo Bamba,ORL,23,17,5,12,9.4,4.8,2.1,3.9,52.2,0.4,1.1,36.8,0.2,0.4,66.7,1.1,2.7,3.8,0.2,0.4,0.2,0.8,1.2,12.1,0,0,-0.4,76.2
333,Rodney McGruder,DET,29,12,3,9,9.6,4.8,1.8,3.6,51.2,0.7,1.3,50,0.4,0.5,83.3,0.3,0.7,1,1,0.5,0.3,0.1,0.7,8.2,0,0,-1.2,94.8
334,Josh Okogie,MIN,22,29,7,22,19.2,4.7,1.6,4.6,35.1,0.4,1.9,21.8,1.1,1.4,75.6,0.9,1.6,2.5,1,0.8,0.8,0.5,2,12.5,0,0,-4.6,92.8
335,Obi Toppin,NYK,23,27,14,13,12.7,4.7,1.9,4,48.6,0.5,1.6,29.5,0.4,0.5,71.4,0.3,2.1,2.5,0.6,0.6,0.3,0.4,1,10,0,0,-0.6,113
336,Luka Samanic,SAS,21,9,4,5,11,4.7,1.7,3.8,44.1,0.9,2.2,40,0.4,0.9,50,0.7,2.4,3.1,0.1,0.7,0.3,0.2,1.1,9.6,0,0,4.1,141.5
337,Tyler Johnson,BKN,29,18,13,5,13.9,4.7,1.6,4,38.9,1.2,2.8,41.2,0.4,0.4,100,0.2,1.5,1.7,0.9,0.3,0.3,0,0.7,8.9,0,0,2.1,137.2
338,Dwight Powell,DAL,29,23,14,9,15.1,4.6,1.3,2.9,46.3,0,0.3,12.5,1.9,2.5,75.4,1,2.2,3.2,0.9,0.7,0.6,0.3,2.3,11.6,0,0,1.1,85.5
339,Killian Hayes,DET,19,7,1,6,21.1,4.6,1.9,6.7,27.7,0.7,2.9,25,0.1,0.3,50,0.1,1,1.1,3.6,2.4,0.3,0,2.1,9.7,0,0,-5.4,117.2
340,Boban Marjanovic,DAL,32,18,6,12,7.8,4.6,2,4,50,0,0.2,0,0.6,0.8,71.4,1.5,2.4,3.9,0.2,0.4,0.1,0.1,0.9,9.4,1,0,1,59.5
341,Jalen McDaniels,CHA,23,17,7,10,12.5,4.5,1.7,3.9,43.9,0.4,1.4,26.1,0.8,1.1,68.4,0.5,2.2,2.6,0.5,0.8,0.1,0.2,1.8,8.6,0,0,-2.1,146.5
342,Langston Galloway,PHX,29,25,18,7,10.5,4.5,1.5,3.3,46.3,0.8,1.8,45.7,0.6,0.6,100,0.2,0.9,1,0.6,0.3,0.2,0,0.6,6.9,0,0,0.5,87.8
343,Patrick Patterson,LAC,32,10,7,3,13,4.5,1.6,3.8,42.1,1,2.8,35.7,0.3,0.4,75,0.4,1.6,2,0.5,0.7,0.3,0.1,1.3,8.2,0,0,-0.6,111
344,DeAndre' Bembry,TOR,26,27,15,12,16.4,4.4,1.8,3.2,57,0.3,0.8,36.4,0.5,0.7,70,0.4,1.6,2,2,1,0.6,0.3,1.6,11.3,0,0,0.2,127.5
345,Jaxson Hayes,NOP,21,25,9,16,12.4,4.4,1.8,2.7,67.6,0,0,0,0.8,1.2,65.5,1.2,2.3,3.6,0.4,0.6,0.4,0.5,1.8,11.1,0,0,-1.7,137
346,P.J. Tucker,MIL,36,32,11,21,30,4.4,1.5,4.1,36.6,0.8,2.7,31.4,0.6,0.7,78.3,1,3.6,4.6,1.4,1,0.9,0.6,2.8,15.4,0,0,-5.2,61
347,Chuma Okeke,ORL,22,20,9,11,21.8,4.4,1.7,4.3,38.4,0.9,2.2,38.6,0.3,0.5,50,0.9,2.6,3.5,2,0.7,0.8,0.4,1,14.3,0,0,-0.2,106.2
348,Solomon Hill,ATL,30,36,16,20,19.1,4.3,1.5,4.1,35.6,1,3.1,31.8,0.4,0.5,88.2,0.5,1.8,2.3,0.9,0.6,0.7,0.2,1.6,10.4,0,0,-1.8,103.2
349,Isaiah Joe,PHI,21,20,10,10,12,4.3,1.5,4,36.7,1.2,3,38.3,0.3,0.3,100,0.3,0.9,1.2,0.8,0.3,0.4,0.2,1.1,8.2,0,0,-0.8,132.2
350,Mike Scott,PHI,32,17,12,5,17.3,4.3,1.5,3.7,41.3,1.1,2.9,38,0.1,0.3,40,0.2,2.5,2.8,0.3,0.6,0.5,0.1,1,9.2,0,0,-1.5,83.8
351,E'Twaun Moore,PHX,32,22,17,5,15.2,4.3,1.8,4.3,42.1,0.3,1.1,24,0.4,0.5,80,0.5,1.3,1.8,1.6,0.8,0.6,0.2,1.4,10.4,0,0,1.9,129.5
352,Brandon Goodwin,ATL,25,24,10,14,12,4.3,1.5,4.4,33,0.6,2.2,28.3,0.7,1,70.8,0.1,1,1.1,1.8,0.5,0.4,0,1,9,0,0,-0.7,102.8
353,Jahlil Okafor,DET,25,12,1,11,10,4.3,2.1,3.5,59.5,0,0.3,0,0.1,0.2,50,1.1,1.2,2.3,0.3,0.3,0.2,0.2,0.8,8,0,0,-3,98.8
354,Wesley Matthews,LAL,34,30,17,13,20.2,4.2,1.4,3.9,35.6,1,3.1,33.7,0.4,0.5,80,0.4,1.1,1.5,1.1,0.5,0.5,0.4,1.4,9.8,0,0,-1,64.2
355,Lamar Stevens,CLE,23,24,9,15,14.4,4.2,1.6,3.9,40.4,0.1,0.7,11.8,1,1.3,71.9,0.5,2.1,2.6,1,0.6,0.5,0.3,1.5,10.5,0,0,-4,143
356,Sekou Doumbouya,DET,20,32,8,24,13.7,4.2,1.6,4.4,35.5,0.5,1.9,25,0.6,0.8,73.1,0.5,1.8,2.3,0.7,0.6,0.4,0.1,1.6,8.8,0,0,-3.2,83.5
357,Aaron Nesmith,BOS,21,18,9,9,15.6,4.2,1.4,3.5,39.7,0.9,2.7,35.4,0.4,0.7,66.7,0.6,1.9,2.4,0.4,0.6,0.2,0.3,2.1,8.4,0,0,1.4,140.8
358,John Konchar,MEM,25,19,10,9,16.2,4.2,1.5,3.5,42.4,0.4,1.2,30.4,0.8,0.9,88.9,0.9,2.6,3.6,1.2,0.4,0.9,0.3,1.4,13.5,0,0,-0.8,118
359,Mychal Mulder,GSW,27,34,16,18,10.6,4.1,1.4,3.2,43.5,1.1,2.7,40.9,0.2,0.4,53.3,0,0.9,0.9,0.4,0.2,0.2,0.2,0.8,7,0,0,1.4,115.5
360,Troy Brown Jr.,CHI,21,17,5,12,13.6,4.1,1.5,4.2,36.6,0.6,2.2,28.9,0.4,0.7,58.3,0.5,2.5,3,0.8,0.7,0.1,0.1,1.5,8.9,0,0,-2.5,96.8
361,Devon Dotson,CHI,21,1,0,1,9.5,4,2,4,50,0,0,0,0,0,0,0,1,1,0,0,0,0,1,5.2,0,0,-2,138.8
362,Jabari Parker,BOS,26,2,0,2,12.5,4,2,3.5,57.1,0,0.5,0,0,0,0,0.5,2.5,3,0.5,1.5,0,0.5,2,8.4,0,0,-8.5,143.5
363,Jordan Bone,ORL,23,14,2,12,14,4,1.6,3.9,42.6,0.7,2.3,31.3,0,0,0,0.3,1.4,1.7,1.3,0.2,0.1,0,0.8,8.2,0,0,-4.2,91.2
364,Kevon Looney,GSW,25,27,14,13,14.9,3.9,1.6,2.7,59.5,0.1,0.2,33.3,0.6,0.8,76.2,1.8,2.4,4.2,1.6,0.6,0.4,0.3,1.9,12.7,0,0,2.1,114.5
365,Tony Bradley,OKC,23,12,5,7,10.6,3.9,1.8,3.3,56.4,0,0.1,0,0.3,0.4,60,1.8,2.4,4.2,0.5,0.1,0.3,0.6,0.9,12.1,1,0,-0.1,88.8
366,Sean McDermott,MEM,24,8,4,4,15.7,3.9,1.3,2.9,43.5,0.6,1.9,33.3,0.8,0.8,100,0.5,1,1.5,0.5,0.5,0.1,0.3,0.8,7.1,0,0,-5.8,113
367,Skylar Mays,ATL,23,16,7,9,8.3,3.9,1.2,3.1,38.8,0.5,1.4,34.8,1,1.1,88.9,0.4,0.4,0.8,1.1,0.3,0.4,0,0.4,7.3,0,0,1.2,104.8
368,Chris Silva,SAC,24,6,2,4,8.8,3.8,1,1.5,66.7,0.2,0.2,100,1.7,2,83.3,1.2,1.8,3,1,1.3,0.2,0.3,2.3,9.1,0,0,-1,145
369,Dante Exum,HOU,25,6,3,3,19.4,3.8,1.7,4.3,38.5,0.3,1.8,18.2,0.2,0.3,50,0.3,2.5,2.8,2.2,1.2,0.7,0.3,1.5,12.3,0,0,1,118.5
370,Isaiah Hartenstein,CLE,23,26,13,13,9.3,3.8,1.5,2.9,51.3,0,0,0,0.8,1.3,58.8,1.4,1.4,2.8,0.5,0.7,0.4,0.6,2,10.1,0,0,1.7,144.5
371,Goga Bitadze,IND,21,16,5,11,9.2,3.8,1.5,2.9,51.1,0.1,0.9,13.3,0.6,0.8,76.9,0.7,1.3,2,0.3,0.5,0.2,0.9,1.6,9.4,0,0,0.3,85.2
372,Taj Gibson,NYK,36,12,8,4,15.1,3.8,1.5,2.6,58.1,0.2,0.6,28.6,0.6,1,58.3,1.5,2.8,4.3,0.5,0.6,0.4,0.3,1.9,11.3,0,0,2.8,86.8
374,Drew Eubanks,SAS,24,15,6,9,12,3.7,1.4,3.4,41.2,0,0,0,0.9,1.3,70,0.6,2.5,3.1,0.6,0.5,0.1,1.1,1.3,11.2,0,0,-2.6,98.5
375,D.J. Wilson,HOU,25,11,8,3,9,3.6,1.4,3.7,36.6,0.8,2.4,34.6,0.1,0.2,50,0.3,1.8,2.1,0.3,0.4,0.1,0.4,1.1,7.6,0,0,-3.1,97.2
376,Paul Reed,PHI,22,5,2,3,11.1,3.6,1.8,4.4,40.9,0,0.6,0,0,0,0,1.4,0.6,2,0.6,1,0.2,0.8,0.8,8.9,0,0,3.4,133.5
377,Rajon Rondo,LAC,35,20,10,10,15,3.6,1.5,3.7,39.2,0.7,1.7,38.2,0.1,0.1,50,0.2,2,2.2,3.5,1.4,0.6,0.1,0.9,12.2,0,0,-3.2,98.8
378,Reggie Perry,BKN,21,14,10,4,10.5,3.6,1.5,3.6,41.2,0.1,0.9,16.7,0.4,0.6,66.7,1.2,2.4,3.6,0.9,0.8,0.1,0.4,1.9,9.9,1,0,-2.1,92.8
379,Zeke Nnaji,DEN,20,23,16,7,10.8,3.6,1.3,2.7,50.8,0.7,1.6,41.7,0.2,0.3,71.4,0.4,1,1.4,0.1,0.2,0.1,0.1,0.7,5.9,0,0,-0.9,150
380,Chris Chiozza,BKN,25,15,8,7,9.1,3.5,1.1,3.1,36.2,0.6,1.5,39.1,0.7,0.9,76.9,0.2,0.9,1.1,2.4,0.7,0.3,0.3,0.7,9.3,0,0,-1,128.8
381,Dean Wade,CLE,24,28,11,17,11.4,3.4,1.2,2.6,44.6,0.8,1.9,42.3,0.3,0.4,66.7,0.5,1.7,2.1,0.6,0.4,0.2,0.2,0.8,7.7,0,0,-0.4,133
382,Cody Martin,CHA,25,23,12,11,11.6,3.4,1.4,2.8,51.6,0.2,0.9,20,0.3,0.4,80,0.8,1.5,2.3,1,0.7,0.5,0.2,0.6,9.2,0,0,0.1,140.2
383,Ryan Arcidiacono,CHI,27,18,10,8,11,3.4,1.2,2.8,42,0.6,1.8,34.4,0.4,0.5,88.9,0.1,1.7,1.8,1.3,0.2,0.3,0,0.9,8.1,0,0,2.1,71.8
384,Chimezie Metu,SAC,24,11,4,7,6.5,3.4,1.4,2.7,50,0.1,0.3,33.3,0.5,0.8,66.7,1,1.1,2.1,0.5,0.5,0.3,0.5,0.9,8.5,0,0,-1.7,154.5
385,Gary Clark,PHI,26,30,8,22,19.1,3.3,1.1,3.7,29.5,0.9,3.2,27.4,0.3,0.3,88.9,1,2.2,3.2,0.8,0.5,0.4,0.2,1,9.6,0,0,-3,101.2
387,Meyers Leonard,MIA,29,3,2,1,9.8,3.3,1,2.3,42.9,1,2.3,42.9,0.3,0.7,50,0,2.3,2.3,0.7,0.7,0,0,1.7,6.5,0,0,-1.3,126.5
388,Tremont Waters,BOS,23,10,5,5,9.8,3.3,1,3.1,32.3,0.6,1.5,40,0.7,0.8,87.5,0.2,0.6,0.8,3,1.3,0.6,0,0.6,9.3,0,0,-1.4,144.8
389,Aleksej Pokusevski,OKC,19,17,7,10,17.4,3.3,1.4,5.5,24.7,0.6,3.3,17.9,0,0,0,0.3,3.2,3.5,1.2,1.3,0.5,1.1,0.9,12.9,0,0,-4.6,85
390,Kenyon Martin Jr.,HOU,20,7,4,3,9.8,3.3,1.4,3.9,37,0.1,0.6,25,0.3,0.7,40,1.1,1.6,2.7,0.6,0.7,0.3,0.7,1.3,9.7,0,0,3.4,149
391,Onyeka Okongwu,ATL,20,16,8,8,10,3.2,1.3,2.3,56.8,0,0.1,0,0.6,0.9,60,0.8,1.7,2.4,0.3,0.5,0.4,0.4,1.6,8.5,0,0,-1.3,138
392,Matisse Thybulle,PHI,24,33,23,10,18.1,3.1,1.2,3.2,36.8,0.5,2,26.2,0.2,0.4,57.1,0.4,1.1,1.5,0.9,0.4,1.4,0.9,2,12.8,0,0,0.1,106.2
393,Harry Giles III,POR,23,22,13,9,11.8,3.1,1.2,2.8,41.9,0.1,0.4,37.5,0.6,0.8,72.2,1.1,3.8,4.9,0.9,0.7,0.2,0.4,2,11.5,0,0,-3.5,93.2
394,Brian Bowen II,IND,22,1,0,1,5.1,3,1,2,50,0,0,0,1,1,100,0,1,1,0,0,0,0,0,4.2,0,0,-7,133.2
395,CJ Elleby,POR,21,13,8,5,8.1,3,1.1,2.4,45.2,0.4,1.5,26.3,0.5,0.7,66.7,0.3,0.8,1.1,0.2,0.2,0.3,0.2,1.4,6,0,0,-0.8,88.8
396,Moses Brown,BOS,21,7,1,6,4.5,3,1,1.4,70,0,0,0,1,2,50,0.6,1.6,2.1,0.4,0.1,0.1,0.6,0.6,8.2,0,0,-1.6,146
397,Kyle Guy,SAC,23,14,3,11,8.2,2.9,1,3.1,31.8,0.4,1.7,25,0.5,0.6,87.5,0.2,0.8,1,1.1,0.2,0.3,0,0.6,6.4,0,0,1.8,74.8
398,Stanley Johnson,TOR,25,32,16,16,13.8,2.9,1,2.5,39.2,0.6,1.6,40,0.3,0.4,78.6,0.5,1.7,2.2,1.3,0.7,0.8,0.3,1.5,9.8,0,0,-1.4,129.5
,,,,,,,,,,,,,,,,,,,,,,,,,,,,,,
400,Darius Miller,OKC,31,12,3,9,9.2,2.8,0.9,2,45.8,0.8,1.8,42.9,0.3,0.3,100,0.1,1.2,1.3,0.8,0.4,0.4,0.3,0.8,7.4,0,0,2,116.5
401,Amir Coffey,LAC,24,20,14,6,7.7,2.8,1.1,2,52.5,0.6,1.1,52.4,0.2,0.5,33.3,0.2,0.6,0.8,0.4,0.4,0.2,0,0.6,4.5,0,0,-1.6,153
402,Nathan Knight,ATL,23,10,6,4,5.8,2.8,0.9,2.3,39.1,0.3,0.9,33.3,0.7,0.8,87.5,0.8,0.7,1.5,0.1,0.5,0.2,0.3,0.7,5.8,0,0,-1.4,147
403,Yuta Watanabe,TOR,26,22,14,8,12.2,2.7,0.9,2.7,33.3,0.5,1.5,36.4,0.4,0.4,100,0.8,2.4,3.2,0.4,0.4,0.4,0.5,1,9.6,0,0,-0.4,107
404,Jevon Carter,PHX,25,29,20,9,10,2.7,1,2.9,35.7,0.6,2,29.8,0.1,0.1,100,0.1,1.2,1.3,1.2,0.2,0.4,0.2,1.1,8,0,0,-0.2,107.5
405,Elijah Hughes,UTA,23,6,5,1,4.5,2.7,0.8,2.5,33.3,0.5,1.7,30,0.5,0.7,75,0,0.7,0.7,0.5,0.7,0.2,0.2,0,4.6,0,0,-4,130
406,Tacko Fall,BOS,25,8,5,3,7.1,2.6,1.1,1.6,69.2,0,0,0,0.4,1,37.5,1,1.6,2.6,0.1,0.1,0,1.3,1.3,9.6,0,0,4.9,50.5
407,Keita Bates-Diop,SAS,25,13,6,7,8.2,2.6,0.8,2.4,35.5,0.4,1.1,35.7,0.5,0.6,87.5,0.4,1.1,1.5,0.5,0.1,0.5,0.1,0.4,6.7,0,0,-2.7,101.5
408,JaKarr Sampson,IND,28,15,7,8,6.5,2.6,1,2.1,46.9,0.1,0.3,20,0.5,0.7,80,0.5,1.4,1.9,0.1,0.4,0.1,0.2,0.7,5.6,0,0,2.1,142.5
409,Luke Kornet,BOS,25,10,5,5,8.3,2.6,0.9,2.6,34.6,0.6,2.2,27.3,0.2,0.2,100,0.1,1.4,1.5,0.4,0.1,0.2,0.6,0.1,7.3,0,0,2.5,140.5
410,Nico Mannion,GSW,20,7,3,4,9.6,2.6,0.9,3.3,26.1,0.7,2,35.7,0.1,0.6,25,0,1.7,1.7,2.6,1,0.4,0,1.1,8.8,0,0,1,105
411,Torrey Craig,PHX,30,17,8,9,11.4,2.5,1,2.5,39.5,0.5,1.2,38.1,0.1,0.1,50,0.8,1.7,2.5,0.8,0.3,0.5,0.4,1.4,9,0,0,-3.6,95.8
412,Matt Thomas,UTA,26,21,12,9,6.9,2.5,0.9,2.2,39.1,0.6,1.5,38.7,0.2,0.3,83.3,0,0.6,0.7,0.4,0.2,0.1,0,0.4,4,0,0,-1.6,126.2
413,Brodric Thomas,CLE,24,4,1,3,6,2.5,0.5,1.8,28.6,0.3,1.5,16.7,1.3,1.8,71.4,0.3,0.8,1,1,1,0.3,0.3,1.3,5.7,0,0,2.5,132.5
414,R.J. Hampton,ORL,20,24,14,10,9.2,2.5,1,2.4,41.4,0.2,0.8,27.8,0.3,0.4,70,0.4,1.5,2,0.5,0.5,0.2,0.1,0.9,6,0,0,-3,115
415,Josh Green,DAL,20,17,6,11,12.5,2.5,1,2.1,47.2,0.1,0.7,16.7,0.4,0.6,54.5,0.7,1.6,2.3,0.6,0.6,0.2,0.1,0.9,6.3,0,0,-0.4,117
416,Alfonzo McKinnie,LAL,28,18,12,6,4.6,2.3,0.9,1.7,53.3,0.3,0.7,41.7,0.3,0.4,62.5,0.4,0.7,1.1,0.1,0.1,0.1,0,0.4,4,0,0,-1.4,147.5
417,Thanasis Antetokounmpo,MIL,28,26,18,8,8.7,2.3,1,1.7,60.5,0.1,0.3,22.2,0.2,0.5,46.2,1,1.1,2.1,0.7,0.7,0.3,0.2,1.3,6.8,0,0,-1.9,62.5
418,Ed Davis,MIN,32,19,4,15,13.9,2.3,0.9,2.3,41.9,0,0,0,0.4,0.4,87.5,2,3.1,5.1,1,0.3,0.5,0.5,2.6,12.7,0,0,-3.4,100.5
419,Norvel Pelle,NYK,28,4,1,3,7.9,2.3,0.8,2,37.5,0,0,0,0.8,1,75,1,1,2,0.3,0.8,0,0.8,2.5,6.5,0,0,-1.5,125.5
420,Malachi Flynn,TOR,23,15,11,4,8.4,2.2,0.8,3,26.7,0.3,1.7,19.2,0.3,0.4,66.7,0.1,0.7,0.7,1.1,0.3,0.3,0,0.8,5.2,0,0,-2.2,134.2
421,Cassius Winston,WAS,23,6,1,5,7.3,2.2,0.7,1.7,40,0.5,1.2,42.9,0.3,0.3,100,0,0.7,0.7,1,0.2,0,0.2,0.7,4.8,0,0,-3.8,132.8
423,Isaac Bonga,WAS,21,22,6,16,12.3,2.1,0.8,2,37.8,0.5,1.3,34.5,0.1,0.2,75,0.4,1.6,2,0.6,0.4,0.3,0.2,1.5,6.5,0,0,-0.8,70.8
424,Quinn Cook,CLE,28,16,11,5,3.9,2.1,0.8,1.6,46.2,0.3,0.8,38.5,0.3,0.3,80,0,0.3,0.3,0.3,0.2,0.1,0.1,0.1,3.1,0,0,-0.3,65.8
,,,,,,,,,,,,,,,,,,,,,,,,,,,,,,
426,Daniel Oturu,LAC,21,10,8,2,4.2,2,0.9,1.5,60,0,0.1,0,0.2,0.2,100,0.5,0.9,1.4,0.4,0.2,0,0.3,0.6,5,0,0,1.2,156.5
427,Devontae Cacok,LAL,24,4,1,3,4.3,2,1,1,100,0,0,0,0,0.5,0,0.3,1,1.3,0,0.5,0.5,0,0,4.5,0,0,2,134
428,KZ Okpala,MIA,22,19,11,8,10.5,2,0.7,2.1,35,0.4,1.3,33.3,0.1,0.3,33.3,0.4,1.1,1.5,0.4,0.5,0.2,0.2,1.3,5,0,0,-3.4,100.5
430,Tre Jones,SAS,21,12,5,7,3.6,2,0.8,1.3,60,0.1,0.1,100,0.4,0.4,100,0.3,0,0.3,0.3,0.3,0,0,0.3,2.4,0,0,-1.6,122.5
431,Wes Iwundu,NOP,26,20,9,11,12.3,2,0.7,2.4,29.8,0.2,1.2,13,0.5,0.6,81.8,0.3,1.5,1.8,0.4,0.3,0.4,0.2,1,6,0,0,-2.2,152
432,Bol Bol,DEN,21,15,10,5,5.6,1.9,0.7,1.5,50,0.3,0.7,50,0.1,0.1,50,0,0.7,0.7,0.3,0.5,0.1,0.3,0.6,4,0,0,-2.7,64
433,Chandler Hutchison,WAS,25,7,2,5,9.1,1.9,0.7,2.6,27.8,0.1,0.4,33.3,0.3,0.3,100,0.1,2.7,2.9,0.6,0.7,0.1,0,1.3,5.9,0,0,1.6,144.2
434,Cristiano Felicio,CHI,28,6,1,5,6.4,1.8,0.5,0.7,75,0,0,0,0.8,1.3,62.5,1,1,2,0.8,0.5,0.3,0,0.5,6,0,0,0.5,119.5
435,Paul Watson,TOR,26,16,9,7,4.6,1.8,0.6,1.3,50,0.6,1.1,52.9,0,0,0,0.1,0.8,0.9,0.1,0.1,0,0.1,0.6,3.4,0,0,-1.9,142
436,Frank Jackson,DET,23,9,3,6,6,1.8,0.7,2.4,27.3,0.4,1.4,30.8,0,0,0,0,0.9,0.9,1.1,0.4,0.1,0,0.6,4.4,0,0,1.3,139.8
437,Miye Oni,UTA,23,26,24,2,7.9,1.8,0.5,1.5,36.8,0.5,1.3,39.4,0.2,0.2,83.3,0.5,1.2,1.8,0.2,0.3,0.1,0.2,1.1,4.8,0,0,0.9,129
438,Bruno Fernando,ATL,22,18,10,8,8.4,1.7,0.6,1.4,44,0,0.1,0,0.5,0.8,60,0.7,2.6,3.3,0.5,0.8,0.1,0.1,0.9,6.3,0,0,-0.3,100.2
439,Josh Hall,OKC,20,7,0,7,7.3,1.7,0.6,2.6,22.2,0.1,1.1,12.5,0.4,1,42.9,0.1,1.1,1.3,1,0.6,0,0,1,4.2,0,0,-3,156
440,Nicolo Melli,DAL,30,17,7,10,11,1.7,0.5,2.4,22.5,0.4,1.9,21.2,0.2,0.3,80,0.2,2.1,2.2,0.9,0.4,0.5,0.1,1.3,7,0,0,1.7,135.5
441,Justin James,SAC,24,13,2,11,5.3,1.7,0.7,1.8,39.1,0.2,0.7,22.2,0.2,0.6,25,0.2,0.5,0.7,0.4,0.2,0.2,0.1,0.2,3.9,0,0,-0.3,116.5
442,Jalen Lecque,IND,21,3,2,1,2.9,1.7,0.3,1.3,25,0,0.3,0,1,1,100,0.3,1,1.3,0.7,0,0,0,0,4.3,0,0,-1,103.2
443,Adam Mokoka,CHI,22,7,1,6,6.1,1.6,0.7,2,35.7,0.1,1.1,12.5,0,0,0,0.1,0.4,0.6,0.6,0.3,0.3,0.1,0.7,4.1,0,0,-1.6,143.2
444,Kelan Martin,IND,25,12,6,6,4,1.5,0.6,1.7,35,0.2,0.8,22.2,0.2,0.2,100,0.1,0.9,1,0,0.3,0.3,0,0.4,3.1,0,0,0.4,146
445,Killian Tillie,MEM,23,2,2,0,10.5,1.5,0.5,2,25,0.5,1,50,0,0,0,0.5,0.5,1,0,0.5,0.5,0,2.5,3.7,0,0,-2.5,98
446,Tyler Bey,DAL,23,4,1,3,3.1,1.5,0.5,1.3,40,0,0,0,0.5,1,50,0.5,0.3,0.8,0,0,0,0.3,0.5,3.2,0,0,-4.5,145.5
447,Vlatko Cancar,DEN,24,20,13,7,6.1,1.5,0.6,1.4,39.3,0.2,0.7,21.4,0.3,0.3,83.3,0.2,1.2,1.4,0.3,0.5,0.4,0.1,0.6,4.5,0,0,-2.2,124.5
448,Sam Merrill,MIL,25,13,8,5,5.9,1.5,0.5,1.3,35.3,0.4,0.8,45.5,0.2,0.2,100,0.3,0.8,1.1,0.8,0.2,0.2,0,0.5,4.3,0,0,-1.2,121.2
449,Jalen Smith,PHX,21,11,7,4,5.2,1.5,0.6,1.7,36.8,0.2,0.7,25,0,0.2,0,0.5,0.5,1,0.2,0.1,0,0.2,0.4,3.4,0,0,-1.2,152
450,Nick Richards,CHA,23,8,5,3,2.9,1.4,0.4,0.8,50,0,0,0,0.6,0.8,83.3,0.3,0.5,0.8,0,0.1,0,0,0.5,2.2,0,0,2.4,105.8
451,Sindarius Thornwell,ORL,26,11,5,6,4.8,1.4,0.5,1.2,46.2,0.3,0.5,50,0,0.2,0,0.1,0.2,0.3,0.2,0.2,0.4,0,0.3,2.9,0,0,2.5,132
452,Nate Hinton,DAL,22,6,1,5,3.1,1.3,0.5,2.2,23.1,0.2,0.8,20,0.2,0.3,50,0,0,0,0,0.3,0.2,0.2,0.2,2,0,0,-3.7,133
454,Jahmi'us Ramsey,SAC,20,4,0,4,3.9,1.3,0.5,1,50,0.3,0.8,33.3,0,0,0,0,1,1,0.3,0.3,0,0.3,0,3.3,0,0,2.3,131
456,Maurice Harkless,SAC,28,10,4,6,10.9,1.2,0.4,1,40,0.4,0.8,50,0,0.2,0,0.1,0.8,0.9,0.7,0.2,0.2,0.3,1.2,4.6,0,0,-3.5,136.5
457,Karim Mane,ORL,21,6,2,4,9.3,1.2,0.2,1.5,11.1,0.2,0.3,50,0.7,0.7,100,0,1.7,1.7,0.2,0.5,0,0.2,0.5,3.4,0,0,-3.5,106.2
458,Marques Bolden,CLE,23,6,2,4,4.8,1.2,0.2,0.5,33.3,0,0,0,0.8,1.3,62.5,0.5,0.5,1,0,0.3,0.3,0.3,0,4,0,0,0.8,130
459,Cassius Stanley,IND,21,8,5,3,2.9,1.1,0.3,0.9,28.6,0.1,0.3,50,0.5,0.6,80,0.3,0.1,0.4,0,0.1,0,0.3,0.9,2.2,0,0,-0.3,103.8
460,Jarrell Brantley,UTA,25,10,9,1,2.8,1.1,0.4,1,40,0.3,0.7,42.9,0,0,0,0.2,0.5,0.7,0,0.1,0.1,0.1,0.4,2.4,0,0,-1.4,110
461,Juwan Morgan,UTA,24,15,13,2,4.7,1.1,0.4,0.9,42.9,0.2,0.7,30,0.1,0.3,20,0.3,0.7,0.9,0.3,0.1,0.2,0,0.8,3.1,0,0,-2.9,113.5
462,Iman Shumpert,BKN,31,2,1,1,5.5,1,0.5,2,25,0,1.5,0,0,0,0,0.5,0,0.5,0,0.5,0.5,0,0,2.6,0,0,-0.5,124.2
463,Jared Harper,NYK,23,2,1,1,2.6,1,0,0.5,0,0,0,0,1,1,100,0,0,0,0,1,0,0,0,0,0,0,-1.5,99.2
464,Kostas Antetokounmpo,LAL,23,3,2,1,6.4,1,0.3,1,33.3,0,0,0,0.3,0.7,50,0.7,2,2.7,0,1.7,0.3,0.7,1,5.5,0,0,-1,57.5
465,Mfiondu Kabengele,CLE,23,20,16,4,4.1,1,0.4,1.3,26.9,0.2,0.8,20,0.2,0.2,75,0.1,0.5,0.6,0.3,0.3,0.1,0.2,0.7,2.5,0,0,-0.4,103.5
466,Rodions Kurucs,MIL,23,16,7,9,5.7,1,0.4,1.5,25,0.2,1.1,17.6,0.1,0.1,50,0.1,0.8,0.9,0.4,0.6,0.4,0.3,0.5,3.9,0,0,-0.6,136.5
467,Shaquille Harrison,DEN,27,17,15,2,3.3,1,0.4,1.2,30,0,0.1,0,0.3,0.4,83.3,0.2,0.4,0.5,0.5,0.3,0.1,0,0.2,2.5,0,0,-3.2,126
468,Tyrell Terry,DAL,20,11,2,9,5.1,1,0.5,1.5,31.3,0,0.6,0,0.1,0.3,33.3,0,0.5,0.5,0.5,0.2,0.5,0,0.2,3.7,0,0,0,128.5
469,Udoka Azubuike,UTA,21,12,11,1,4.1,1,0.3,0.6,57.1,0,0,0,0.3,0.5,66.7,0.3,0.8,1.1,0,0.3,0.1,0.3,0.7,3.3,0,0,-5.2,93
470,Vernon Carey Jr.,CHA,20,3,2,1,2.1,1,0.3,1,33.3,0,0.3,0,0.3,0.7,50,0.7,0.3,1,0.3,0,0,0.3,0,3.7,0,0,1.3,97.8
471,Markus Howard,DEN,22,17,10,7,3.2,0.9,0.4,1.8,19.4,0.2,1.3,13.6,0.1,0.1,50,0,0.3,0.3,0.4,0.2,0.1,0,0.4,1.9,0,0,-2.5,120
472,Anthony Gill,WAS,28,12,3,9,5.6,0.8,0.3,0.8,30,0.1,0.6,14.3,0.3,0.3,75,0.3,1.3,1.6,0.3,0.3,0.3,0.2,0.3,4.2,0,0,-2.8,96.8
473,Quinndary Weatherspoon,SAS,24,5,2,3,4.8,0.8,0.2,1,20,0,0.2,0,0.4,0.4,100,0,0.4,0.4,0.6,1.2,0.2,0,1.4,1.6,0,0,-7.4,116
474,Vincent Poirier,PHI,27,6,4,2,3.6,0.7,0.2,0.7,25,0,0,0,0.3,0.7,50,0.3,0.3,0.7,0.2,0.3,0,0.3,0.3,2.4,0,0,-2.2,93.8
475,Jared Dudley,LAL,35,11,6,5,6.9,0.5,0.2,0.6,28.6,0.2,0.5,40,0,0,0,0.4,1.4,1.7,0.5,0.2,0.1,0.1,0.6,3.7,0,0,0.3,82.5
476,Ignas Brazdeikis,ORL,22,4,2,2,1.8,0.5,0,0.3,0,0,0,0,0.5,0.5,100,0.3,0.3,0.5,0.3,0.3,0,0,0,1.2,0,0,-1.5,119
478,Keljin Blevins,POR,25,9,4,5,5.2,0.4,0.2,1.2,18.2,0,0.4,0,0,0,0,0,0.2,0.2,0.4,0.3,0.2,0,0.4,1.7,0,0,-1,113
479,Naji Marshall,NOP,23,3,0,3,2.8,0.3,0,0.7,0,0,0.3,0,0.3,0.7,50,0,0.7,0.7,0.3,0,0,0,0,1.6,0,0,5,151
480,Jaylen Adams,MIL,25,7,5,2,2.6,0.3,0.1,1.1,12.5,0,0.3,0,0,0,0,0,0.4,0.4,0.3,0,0,0,0.1,1.2,0,0,-1.7,57.8
481,Trent Forrest,UTA,23,7,6,1,2.8,0.3,0,0.4,0,0,0.3,0,0.3,0.3,100,0,0.3,0.3,0.6,0.1,0.3,0,0.3,2.2,0,0,-2.4,127.5
482,Terrance Ferguson,PHI,23,9,6,3,3.7,0.2,0.1,0.6,20,0,0.3,0,0,0,0,0,0.1,0.1,0.2,0.3,0,0,0.6,0.4,0,0,-1.8,130.8
483,Deividas Sirvydis,DET,21,5,3,2,1.6,0.2,0,0.6,0,0,0.6,0,0.2,0.4,50,0,0.2,0.2,0.2,0,0,0,0.2,0.7,0,0,1.2,107.2
484,Theo Pinson,NYK,25,11,5,6,2.3,0.2,0.1,0.6,14.3,0,0.5,0,0,0,0,0,0.1,0.1,0.1,0,0,0,0.3,0.4,0,0,-2.1,131.8
486,Ashton Hagans,MIN,21,2,0,2,2,0,0,0,0,0,0,0,0,0,0,0,0,0,0,0.5,0,0,0,-0.5,0,0,-1.5,126.5
487,Greg Whittington,DEN,28,2,2,0,4.1,0,0,1,0,0,1,0,0,0,0,0,0,0,0,0,0,0,0,0,0,0,3.5,137.5
488,Jalen Harris,TOR,22,2,2,0,2.2,0,0,0,0,0,0,0,0,0,0,0.5,0,0.5,0,0.5,0,0,1,0.1,0,0,0.5,135.8
490,Patrick McCaw,TOR,25,3,2,1,6.5,0,0,0,0,0,0,0,0,0,0,0.3,0,0.3,1.3,0,0,0,1,2.4,0,0,-5,84.8
491,Ty-Shon Alexander,PHX,22,3,2,1,2.8,0,0,1,0,0,0.3,0,0,0,0,0,0.3,0.3,0.3,0,0,0,0.3,0.9,0,0,-3,56.8
492,Wenyen Gabriel,NOP,24,4,2,2,3.1,0,0,0.8,0,0,0.3,0,0,0,0,0.3,1,1.3,0.3,0,0,0,0,1.9,0,0,1.5,108.5